run_dir,output_path,best_val_loss,best_epoch,n_params,loss_recon,loss_kl_lat,loss_kl_mix,loss_smooth,loss_ent,loss_align,loss_l1,MSE,RMSE,MAE,Pearson,Spearman,CCC,Cosine,JSD,Hellinger,EMD
W.2025-11-02_062020.97e33b60,/home/ayesha/SP-VAE-GCN/results/sweeps/losses/W.2025-11-02_062020.97e33b60,0.581538737,403,60503,0.2,0.001,2,0.2,-0.05,0.1,0.0001,0.016707103,0.12925596,0.058845834,0.389229235,0.275857625,0.403051333,0.495003045,0.366877729,0.681565585,0.038597355
W.2025-11-01_182122.81b06fba,/home/ayesha/SP-VAE-GCN/results/sweeps/losses/W.2025-11-01_182122.81b06fba,0.242016673,500,60503,0.05,0.001,2,0,-0.05,0.1,0,0.016976552,0.130294098,0.055144489,0.396834231,0.319165573,0.470097392,0.491548329,0.343609308,0.642943164,0.029775798
W.2025-11-02_010820.97581f7b,/home/ayesha/SP-VAE-GCN/results/sweeps/losses/W.2025-11-02_010820.97581f7b,0.428029776,500,60503,0.1,0.001,2,0.2,-0.1,0.1,0,0.017196045,0.13113369,0.05344261,0.429453962,0.3303681,0.497072067,0.507419219,0.331612656,0.629316713,0.027309182
W.2025-11-02_083555.f61179ba,/home/ayesha/SP-VAE-GCN/results/sweeps/losses/W.2025-11-02_083555.f61179ba,0.577774882,500,60503,0.2,0.001,2,0.2,-0.05,0.1,0,0.017681054,0.132970125,0.05912208,0.356970928,0.26409043,0.392587644,0.462678368,0.37465589,0.685479119,0.034372826
W.2025-11-02_042957.e351ff54,/home/ayesha/SP-VAE-GCN/results/sweeps/losses/W.2025-11-02_042957.e351ff54,0.446126848,462,60503,0.2,0.001,1,0.05,0,0,0,0.018692458,0.136720363,0.067836846,0.247064532,0.154251998,0.202409906,0.403629693,0.44197939,0.758212169,0.051196222
W.2025-11-01_211658.5c1b302e,/home/ayesha/SP-VAE-GCN/results/sweeps/losses/W.2025-11-01_211658.5c1b302e,0.426894754,426,60503,0.2,0.001,0.5,0.05,0,0,0,0.018772622,0.137013218,0.067394203,0.249903373,0.101646369,0.245173131,0.396066679,0.44670709,0.761306718,0.046004603
W.2025-11-02_062922.1d5f6eb4,/home/ayesha/SP-VAE-GCN/results/sweeps/losses/W.2025-11-02_062922.1d5f6eb4,0.250607848,500,60503,0.05,0.001,2,0.2,-0.05,0.1,0.001,0.018871296,0.137372836,0.060055926,0.327997071,0.278636479,0.354536835,0.435564424,0.381441584,0.689668567,0.034360477
W.2025-11-02_051144.b3d89a72,/home/ayesha/SP-VAE-GCN/results/sweeps/losses/W.2025-11-02_051144.b3d89a72,0.422767371,428,60503,0.2,0.001,0.5,0.1,0,0,0.0001,0.019078767,0.13812591,0.06509345,0.267289288,0.141754646,0.297930583,0.396297344,0.432926589,0.74684822,0.039239708
W.2025-11-02_091958.54ede00a,/home/ayesha/SP-VAE-GCN/results/sweeps/losses/W.2025-11-02_091958.54ede00a,0.60874027,500,60503,0.2,0.01,2,0.2,-0.05,0,0.001,0.019115895,0.138260243,0.067430969,0.238768522,0.142741774,0.232706524,0.389821387,0.440367002,0.753994085,0.047072965
W.2025-11-01_212240.71d20e3d,/home/ayesha/SP-VAE-GCN/results/sweeps/losses/W.2025-11-01_212240.71d20e3d,0.436525524,351,60503,0.2,0.001,1,0.2,0,0.1,0.0001,0.019306126,0.138946485,0.069395426,0.196306718,0.111385532,0.159328453,0.379256941,0.456730473,0.769993725,0.055720445
W.2025-11-02_065458.37c598a5,/home/ayesha/SP-VAE-GCN/results/sweeps/losses/W.2025-11-02_065458.37c598a5,0.731540263,500,60503,0.2,0.01,2,0,-0.1,0,0,0.019476722,0.139559028,0.065461566,0.245547954,0.161613051,0.279539641,0.380848237,0.432636698,0.745154096,0.039566878
W.2025-11-02_090140.14434420,/home/ayesha/SP-VAE-GCN/results/sweeps/losses/W.2025-11-02_090140.14434420,0.449032128,240,60503,0.2,0.001,2,0.1,0,0,0.0001,0.019479249,0.139568079,0.07085676,0.176148807,0.084712284,0.119879561,0.375246784,0.465769137,0.779048565,0.059209943
W.2025-11-01_170705.c58af445,/home/ayesha/SP-VAE-GCN/results/sweeps/losses/W.2025-11-01_170705.c58af445,0.415161312,464,60503,0.1,0.01,2,0.1,-0.05,0,0.001,0.019566081,0.139878807,0.069669012,0.221484782,0.186405309,0.116408351,0.389743591,0.452916637,0.766608608,0.059075137
W.2025-11-02_014436.7287dc4e,/home/ayesha/SP-VAE-GCN/results/sweeps/losses/W.2025-11-02_014436.7287dc4e,0.426119268,470,60503,0.2,0.001,0.5,0,0,0,0.0001,0.019632057,0.140114443,0.066597024,0.233052459,0.102517792,0.289288712,0.369953227,0.448104908,0.757575218,0.039810099
W.2025-11-02_044025.95440ee5,/home/ayesha/SP-VAE-GCN/results/sweeps/losses/W.2025-11-02_044025.95440ee5,0.443703175,500,60503,0.05,0.01,2,0.2,-0.1,0.1,0.0001,0.019805535,0.140732141,0.07010223,0.207191937,0.173347757,0.10301077,0.380901282,0.457237653,0.770605057,0.059195687
W.2025-11-02_181319.a402bf26,/home/ayesha/SP-VAE-GCN/results/sweeps/losses/W.2025-11-02_181319.a402bf26,0.435441345,299,60503,0.2,0.001,1,0.2,0,0,0.001,0.019850773,0.140892771,0.070602396,0.172190549,0.083515264,0.145861457,0.352274135,0.469688812,0.783384514,0.052114191
W.2025-11-02_031734.28de894c,/home/ayesha/SP-VAE-GCN/results/sweeps/losses/W.2025-11-02_031734.28de894c,0.121528395,500,60503,0.05,0.001,0.5,0.1,0,0.1,0.001,0.019924033,0.141152518,0.071603127,0.156593679,0.054618369,0.107525757,0.358413838,0.472276757,0.783545629,0.058439743
W.2025-11-02_173946.af6ff24a,/home/ayesha/SP-VAE-GCN/results/sweeps/losses/W.2025-11-02_173946.af6ff24a,0.520288765,500,60503,0.1,0.01,2,0.2,-0.1,0,0,0.019947311,0.141234951,0.068668173,0.211806769,0.093601281,0.194175908,0.367248681,0.456023202,0.769337041,0.046497669
W.2025-11-02_130210.2c7c7dc9,/home/ayesha/SP-VAE-GCN/results/sweeps/losses/W.2025-11-02_130210.2c7c7dc9,0.638026953,500,60503,0.2,0.01,2,0,-0.05,0,0,0.019971875,0.141321885,0.070048854,0.182824265,0.136495693,0.122043435,0.362933289,0.461489545,0.77490943,0.055739489
W.2025-11-01_155423.a9624845,/home/ayesha/SP-VAE-GCN/results/sweeps/losses/W.2025-11-01_155423.a9624845,0.225704238,414,60503,0.1,0.001,1,0.1,0,0.1,0.001,0.019991335,0.141390717,0.071465262,0.154437558,0.100086347,0.099146479,0.356893184,0.470944994,0.783206074,0.058936815
W.2025-11-02_071216.6b8ef8b3,/home/ayesha/SP-VAE-GCN/results/sweeps/losses/W.2025-11-02_071216.6b8ef8b3,0.420419186,412,60503,0.1,0.01,2,0.2,-0.05,0,0,0.019992385,0.141394432,0.070774205,0.190536822,0.151400461,0.095615194,0.370410085,0.462581032,0.775265318,0.059198884
W.2025-11-01_165542.b43f7864,/home/ayesha/SP-VAE-GCN/results/sweeps/losses/W.2025-11-01_165542.b43f7864,0.225795522,354,60503,0.1,0.001,1,0,0,0.1,0.0001,0.02000976,0.14145586,0.071220003,0.178292996,0.099091102,0.084571816,0.366489213,0.469620413,0.781672203,0.060753253
W.2025-11-01_171815.81cc1a96,/home/ayesha/SP-VAE-GCN/results/sweeps/losses/W.2025-11-01_171815.81cc1a96,0.142270789,500,60503,0.05,0.01,1,0.05,0,0,0.0001,0.020020587,0.141494124,0.07093856,0.184236753,0.154825909,0.083804453,0.368562435,0.46506453,0.77751231,0.061027219
W.2025-11-02_144933.fcc59cf8,/home/ayesha/SP-VAE-GCN/results/sweeps/losses/W.2025-11-02_144933.fcc59cf8,0.244164959,420,60503,0.1,0.001,2,0.2,0,0.1,0.0001,0.020032859,0.141537483,0.070607176,0.21655838,0.165249043,0.082346171,0.376902305,0.462748843,0.775076596,0.060835135
W.2025-11-01_181155.8da5c687,/home/ayesha/SP-VAE-GCN/results/sweeps/losses/W.2025-11-01_181155.8da5c687,0.62165451,500,60503,0.2,0.01,2,0.1,-0.05,0,0.0001,0.020076115,0.141690209,0.069507396,0.199288208,0.17409901,0.132804182,0.363642563,0.454872106,0.768082567,0.052665296
W.2025-11-01_212147.74736320,/home/ayesha/SP-VAE-GCN/results/sweeps/losses/W.2025-11-01_212147.74736320,0.232875884,248,60503,0.1,0.001,1,0.05,0,0,0.0001,0.020109379,0.141807542,0.071546893,0.177694256,0.11789134,0.07267405,0.365914787,0.470681924,0.782614545,0.062395306
W.2025-11-01_232506.83a439a2,/home/ayesha/SP-VAE-GCN/results/sweeps/losses/W.2025-11-01_232506.83a439a2,0.606909454,500,60503,0.2,0.05,2,0.05,0,0,0.0001,0.020130582,0.141882284,0.071717309,0.159211614,0.10929588,0.075068,0.359367997,0.472146381,0.783754643,0.061801689
W.2025-11-02_012909.7e8e6705,/home/ayesha/SP-VAE-GCN/results/sweeps/losses/W.2025-11-02_012909.7e8e6705,0.45822522,319,60503,0.2,0.001,2,0.05,0,0.1,0.0001,0.020158697,0.141981326,0.07133835,0.175118161,0.117070995,0.078903693,0.361755762,0.470069567,0.782130603,0.060702619
W.2025-11-02_114939.bd59e6fe,/home/ayesha/SP-VAE-GCN/results/sweeps/losses/W.2025-11-02_114939.bd59e6fe,0.462210953,247,60503,0.2,0.001,2,0.1,0,0.1,0,0.0202167,0.142185444,0.072116586,0.161987247,0.109681565,0.063704369,0.358636634,0.474637188,0.785952795,0.063468562
W.2025-11-02_174731.37019301,/home/ayesha/SP-VAE-GCN/results/sweeps/losses/W.2025-11-02_174731.37019301,0.118244074,281,60503,0.05,0.001,0.5,0.1,0,0,0.001,0.02023559,0.142251855,0.071425385,0.165314731,0.132390193,0.06838717,0.35987986,0.471180411,0.783250951,0.062415573
W.2025-11-01_151653.2570fd69,/home/ayesha/SP-VAE-GCN/results/sweeps/losses/W.2025-11-01_151653.2570fd69,0.287523985,261,60503,0.05,0.01,2,0.2,-0.05,0,0.001,0.020242926,0.142277638,0.071472153,0.146636467,0.12293432,0.073430806,0.350975787,0.471816535,0.782862112,0.060964423
W.2025-11-01_152237.ff64c1d0,/home/ayesha/SP-VAE-GCN/results/sweeps/losses/W.2025-11-01_152237.ff64c1d0,0.752231538,500,60503,0.2,0.01,2,0.2,-0.1,0,0,0.020246839,0.142291388,0.069230213,0.167178783,0.120543012,0.142345493,0.346442614,0.461463056,0.773616781,0.051383129
W.2025-11-02_144139.20831930,/home/ayesha/SP-VAE-GCN/results/sweeps/losses/W.2025-11-02_144139.20831930,0.120392442,328,60503,0.05,0.001,0.5,0,0,0,0.001,0.020293797,0.142456298,0.071631823,0.157162076,0.127001366,0.065754193,0.35507257,0.472408401,0.784068608,0.061992453
W.2025-11-01_205437.79af5b1c,/home/ayesha/SP-VAE-GCN/results/sweeps/losses/W.2025-11-01_205437.79af5b1c,0.429912269,500,60503,0.1,0.01,2,0,-0.05,0,0.0001,0.020298765,0.142473734,0.070681653,0.184016079,0.178170333,0.072407483,0.363131102,0.464440418,0.776208296,0.060249161
W.2025-11-02_125406.5be95e3f,/home/ayesha/SP-VAE-GCN/results/sweeps/losses/W.2025-11-02_125406.5be95e3f,0.485571742,500,60503,0.2,0.01,2,0.05,0,0,0.001,0.020326476,0.142570949,0.071112561,0.167278248,0.146995542,0.071760529,0.357195929,0.468619674,0.780584953,0.060822978
W.2025-11-01_230645.0f2301b9,/home/ayesha/SP-VAE-GCN/results/sweeps/losses/W.2025-11-01_230645.0f2301b9,0.280296803,500,60503,0.05,0.01,1,0,-0.05,0,0.0001,0.02033126,0.142587728,0.070977589,0.154632853,0.111051162,0.102965491,0.344629179,0.469557168,0.781893258,0.05533431
W.2025-11-02_040922.0fe17fc2,/home/ayesha/SP-VAE-GCN/results/sweeps/losses/W.2025-11-02_040922.0fe17fc2,0.283941925,500,60503,0.1,0.01,2,0.1,0,0,0.001,0.020339322,0.142615994,0.071736107,0.162313213,0.138157128,0.059478642,0.357933858,0.472038159,0.783276313,0.063180671
W.2025-11-02_110008.9a5002ba,/home/ayesha/SP-VAE-GCN/results/sweeps/losses/W.2025-11-02_110008.9a5002ba,0.226406977,274,60503,0.1,0.001,1,0.05,0,0.1,0.0001,0.020365753,0.142708629,0.071896251,0.147146642,0.090825129,0.077316317,0.348630447,0.474699609,0.785508579,0.059959863
W.2025-11-02_042229.6e258816,/home/ayesha/SP-VAE-GCN/results/sweeps/losses/W.2025-11-02_042229.6e258816,0.470706433,328,60503,0.2,0.01,2,0.2,0,0,0.001,0.020395981,0.142814499,0.072098099,0.141576908,0.089637269,0.064911643,0.346814628,0.477590078,0.78879492,0.061318102
W.2025-11-02_050652.23c73c4a,/home/ayesha/SP-VAE-GCN/results/sweeps/losses/W.2025-11-02_050652.23c73c4a,0.132888541,252,60503,0.05,0.001,2,0.2,0,0.5,0.001,0.020403729,0.142841621,0.072699616,0.157745487,0.073578867,0.04994729,0.350632764,0.480104687,0.790174999,0.064360777
W.2025-11-01_212843.72f9692b,/home/ayesha/SP-VAE-GCN/results/sweeps/losses/W.2025-11-01_212843.72f9692b,0.954902649,500,60503,0.2,0.05,2,0.2,-0.1,0.1,0.0001,0.020437269,0.142958978,0.072377452,0.151533575,0.090072773,0.062514098,0.347147251,0.479406741,0.79068712,0.061968779
W.2025-11-02_061325.7fd8a23c,/home/ayesha/SP-VAE-GCN/results/sweeps/losses/W.2025-11-02_061325.7fd8a23c,0.296900809,500,60503,0.05,0.01,2,0,-0.05,0.1,0.0001,0.02045064,0.143005734,0.071354314,0.169954686,0.161279605,0.066101933,0.3529758,0.469685723,0.781081447,0.060417092
W.2025-11-02_134132.95a4fb4e,/home/ayesha/SP-VAE-GCN/results/sweeps/losses/W.2025-11-02_134132.95a4fb4e,0.1262151,248,60503,0.05,0.001,1,0,0,0,0,0.020483715,0.143121329,0.072339194,0.136671995,0.117292139,0.039424781,0.349002444,0.479102324,0.78936199,0.066596887
W.2025-11-02_172238.cc98a90e,/home/ayesha/SP-VAE-GCN/results/sweeps/losses/W.2025-11-02_172238.cc98a90e,0.116479225,234,60503,0.05,0.001,0.5,0.05,0,0,0.0001,0.020499622,0.143176891,0.072054535,0.133538046,0.114490323,0.054209204,0.344539884,0.476585719,0.78748499,0.062797631
W.2025-11-02_020445.f3be6069,/home/ayesha/SP-VAE-GCN/results/sweeps/losses/W.2025-11-02_020445.f3be6069,0.468196779,500,60503,0.2,0.01,1,0.05,0,0,0,0.020500856,0.143181201,0.071942489,0.130532182,0.10649311,0.062982108,0.339012756,0.477701158,0.789109052,0.060987852
W.2025-11-02_014343.d273010e,/home/ayesha/SP-VAE-GCN/results/sweeps/losses/W.2025-11-02_014343.d273010e,0.28410396,134,60503,0.05,0.001,2,0,-0.05,0,0.0001,0.020530625,0.143285119,0.07248553,0.140620639,0.116227016,0.041944442,0.347049707,0.479093095,0.789465598,0.065144173
W.2025-11-02_095807.6b7786e6,/home/ayesha/SP-VAE-GCN/results/sweeps/losses/W.2025-11-02_095807.6b7786e6,0.439517826,343,60503,0.2,0.001,1,0,0,0.1,0.001,0.020533385,0.14329475,0.07139989,0.141375836,0.110680848,0.099066539,0.334802157,0.473581204,0.785908035,0.055413657
W.2025-11-02_131506.9ceb9d41,/home/ayesha/SP-VAE-GCN/results/sweeps/losses/W.2025-11-02_131506.9ceb9d41,0.426576853,500,60503,0.1,0.05,1,0.05,0,0,0.0001,0.020536059,0.14330408,0.072464613,0.122360908,0.085659856,0.04731468,0.342309857,0.480832693,0.791181814,0.063873248
W.2025-11-02_081802.c8cce8f6,/home/ayesha/SP-VAE-GCN/results/sweeps/losses/W.2025-11-02_081802.c8cce8f6,0.446947426,167,60503,0.2,0.001,2,0.1,0,0,0,0.020546388,0.143340113,0.071974385,0.131921841,0.106511966,0.061004558,0.337948674,0.478408169,0.789701152,0.060849963
W.2025-11-02_075219.ace8abe2,/home/ayesha/SP-VAE-GCN/results/sweeps/losses/W.2025-11-02_075219.ace8abe2,0.434274316,390,60503,0.2,0.001,1,0.05,0,0.1,0,0.020548526,0.143347571,0.072413244,0.098539575,0.033597356,0.085361277,0.323132859,0.483997302,0.79535574,0.057133321
W.2025-11-01_153632.52a2d4f0,/home/ayesha/SP-VAE-GCN/results/sweeps/losses/W.2025-11-01_153632.52a2d4f0,0.471354127,500,60503,0.2,0.01,1,0.1,0,0,0.0001,0.020550862,0.143355717,0.072061364,0.122880772,0.08458186,0.067267661,0.333957676,0.480356156,0.79174341,0.059778207
W.2025-11-02_064958.a3e15f8a,/home/ayesha/SP-VAE-GCN/results/sweeps/losses/W.2025-11-02_064958.a3e15f8a,0.219204038,500,60503,0.1,0.001,0.5,0,0,0.1,0,0.020566737,0.143411078,0.071960791,0.146320069,0.071228485,0.078251149,0.337626038,0.47899176,0.789925974,0.058927509
W.2025-11-02_032313.21aa465a,/home/ayesha/SP-VAE-GCN/results/sweeps/losses/W.2025-11-02_032313.21aa465a,0.595881939,500,60503,0.1,0.05,2,0.2,-0.05,0.1,0.001,0.020568995,0.143418949,0.072460005,0.150492921,0.139269724,0.035509804,0.346711119,0.479765525,0.789940637,0.06653466
W.2025-11-01_181102.598462cb,/home/ayesha/SP-VAE-GCN/results/sweeps/losses/W.2025-11-01_181102.598462cb,0.228138253,250,60503,0.1,0.001,1,0.2,0,0,0,0.02057309,0.143433226,0.071735368,0.144409189,0.130731143,0.053172907,0.344423647,0.47592396,0.786981139,0.062022722
W.2025-11-02_082638.811e796f,/home/ayesha/SP-VAE-GCN/results/sweeps/losses/W.2025-11-02_082638.811e796f,0.28864029,500,60503,0.05,0.01,2,0.05,-0.05,0.1,0.001,0.020575192,0.143440553,0.072070699,0.141032271,0.133319224,0.055405585,0.342624561,0.47570235,0.786123401,0.06150293
W.2025-11-02_035749.ffd98017,/home/ayesha/SP-VAE-GCN/results/sweeps/losses/W.2025-11-02_035749.ffd98017,0.386121958,500,60503,0.1,0.05,0,0,-0.05,0.5,0.0001,0.020599386,0.14352486,0.071930525,0.146527283,0.093046972,0.065688451,0.339293047,0.477377175,0.788519554,0.058018731
W.2025-11-02_021907.79f1d480,/home/ayesha/SP-VAE-GCN/results/sweeps/losses/W.2025-11-02_021907.79f1d480,0.124457411,474,60503,0.05,0.01,1,0,0,0,0.001,0.020602427,0.143535455,0.07211323,0.1198333,0.10275142,0.061945755,0.334562722,0.477454135,0.788246161,0.060274155
W.2025-11-01_182512.bce2e6ea,/home/ayesha/SP-VAE-GCN/results/sweeps/losses/W.2025-11-01_182512.bce2e6ea,0.225626573,387,60503,0.1,0.001,0.5,0.05,0,0,0,0.02061092,0.143565039,0.071662523,0.137131865,0.108570244,0.07255516,0.333701907,0.478120877,0.790337927,0.058227644
W.2025-11-02_085424.cd10dd46,/home/ayesha/SP-VAE-GCN/results/sweeps/losses/W.2025-11-02_085424.cd10dd46,0.251908302,497,60503,0.1,0.01,2,0,0,0.1,0.0001,0.020622875,0.143606669,0.072110735,0.133549636,0.124499466,0.04203019,0.342432968,0.477964126,0.788393016,0.063923026
W.2025-11-02_154928.11617852,/home/ayesha/SP-VAE-GCN/results/sweeps/losses/W.2025-11-02_154928.11617852,0.236007616,170,60503,0.1,0.001,2,0.1,0,0,0.0001,0.020627248,0.143621891,0.072681604,0.105843563,0.081838754,0.04861316,0.330780033,0.482763176,0.792785355,0.062227687
W.2025-11-01_224054.9ead25cc,/home/ayesha/SP-VAE-GCN/results/sweeps/losses/W.2025-11-01_224054.9ead25cc,0.611027598,500,60503,0.1,0.05,1,0.05,-0.05,0,0.0001,0.020641632,0.14367196,0.071995255,0.129047752,0.072833236,0.072386263,0.332181509,0.482595223,0.795041026,0.058406697
W.2025-11-01_194232.20b1717b,/home/ayesha/SP-VAE-GCN/results/sweeps/losses/W.2025-11-01_194232.20b1717b,0.261350572,312,60503,0.1,0.01,2,0.2,0,0,0.0001,0.02064486,0.143683193,0.072065834,0.12938147,0.130264462,0.043670612,0.340027875,0.477595598,0.787911062,0.063393652
W.2025-11-02_080409.d9f3c17e,/home/ayesha/SP-VAE-GCN/results/sweeps/losses/W.2025-11-02_080409.d9f3c17e,0.454222947,243,60503,0.2,0.001,2,0.2,0,0.1,0.001,0.020648977,0.143697519,0.072250241,0.125705618,0.116551751,0.048431511,0.335052752,0.480434305,0.791463151,0.062445883
W.2025-11-02_160349.55d81517,/home/ayesha/SP-VAE-GCN/results/sweeps/losses/W.2025-11-02_160349.55d81517,0.441399425,429,60503,0.2,0.001,1,0.1,0,0.5,0,0.020655761,0.143721123,0.071457152,0.143821359,0.016234872,0.121328172,0.328269812,0.477826912,0.787700316,0.053544486
W.2025-11-02_160256.6c9117c9,/home/ayesha/SP-VAE-GCN/results/sweeps/losses/W.2025-11-02_160256.6c9117c9,0.121860474,178,60503,0.05,0.001,1,0.05,0,0,0.0001,0.020659291,0.143733401,0.072814422,0.118196761,0.087867992,0.036508371,0.338691501,0.482728704,0.792376715,0.065080895
W.2025-11-02_070613.78e3b5dd,/home/ayesha/SP-VAE-GCN/results/sweeps/losses/W.2025-11-02_070613.78e3b5dd,0.15532802,400,60503,0.05,0.01,2,0.1,0,0,0.001,0.020664545,0.143751679,0.071694311,0.132297326,0.120621347,0.056898676,0.340042617,0.474791121,0.785343751,0.060438318
W.2025-11-02_134226.624eece6,/home/ayesha/SP-VAE-GCN/results/sweeps/losses/W.2025-11-02_134226.624eece6,0.215689898,500,60503,0.1,0.001,0.5,0.1,0,0.1,0.0001,0.020672032,0.143777716,0.072820821,0.104968496,0.020218321,0.057035065,0.325972085,0.487679781,0.797933983,0.060125256
W.2025-11-02_175629.5151f1da,/home/ayesha/SP-VAE-GCN/results/sweeps/losses/W.2025-11-02_175629.5151f1da,0.407038987,500,60503,0.1,0.01,2,0.2,-0.05,0.1,0.001,0.020677179,0.143795615,0.072324408,0.121900225,0.120355906,0.037807761,0.338014728,0.47980306,0.789894825,0.064497735
W.2025-11-01_212050.64aadcbe,/home/ayesha/SP-VAE-GCN/results/sweeps/losses/W.2025-11-01_212050.64aadcbe,0.35015896,500,60503,0.1,0.05,2,0,0,0,0.001,0.02068417,0.143819923,0.072489396,0.122600452,0.114715203,0.043208729,0.336051002,0.480225133,0.790301937,0.062890936
W.2025-11-02_024943.4a2600d5,/home/ayesha/SP-VAE-GCN/results/sweeps/losses/W.2025-11-02_024943.4a2600d5,0.238511503,171,60503,0.1,0.001,2,0.2,0,0,0,0.020698469,0.143869625,0.072716269,0.120817173,0.100704751,0.035450484,0.33686592,0.48220931,0.791954806,0.06460154
W.2025-11-01_234746.ce4b7079,/home/ayesha/SP-VAE-GCN/results/sweeps/losses/W.2025-11-01_234746.ce4b7079,0.132107556,500,60503,0.05,0.01,1,0.2,0,0.1,0.001,0.020712941,0.143919913,0.073187368,0.101420145,0.075391849,0.026298075,0.334036888,0.486185005,0.795444514,0.067313545
W.2025-11-02_093351.3d10157d,/home/ayesha/SP-VAE-GCN/results/sweeps/losses/W.2025-11-02_093351.3d10157d,0.215581909,500,60503,0.1,0.01,0.5,0,0,0.1,0.001,0.020715095,0.143927394,0.072791347,0.121267563,0.023590414,0.062801248,0.326915281,0.48657867,0.796782972,0.060242029
W.2025-11-02_124521.7551c006,/home/ayesha/SP-VAE-GCN/results/sweeps/losses/W.2025-11-02_124521.7551c006,0.730938196,500,60503,0.1,0.05,2,0.05,-0.1,0,0.0001,0.020724916,0.14396151,0.07241216,0.119330638,0.10142105,0.048692116,0.33164012,0.481766865,0.792404206,0.061605865
W.2025-11-02_013724.3c88a06f,/home/ayesha/SP-VAE-GCN/results/sweeps/losses/W.2025-11-02_013724.3c88a06f,0.523483634,500,60503,0.05,0.05,2,0.05,-0.1,0.1,0,0.020748496,0.144043383,0.072923836,0.099549901,0.074910684,0.034650609,0.331252857,0.484669803,0.794345708,0.064731767
W.2025-11-01_190619.7d1a5e74,/home/ayesha/SP-VAE-GCN/results/sweeps/losses/W.2025-11-01_190619.7d1a5e74,0.150110409,500,60503,0.05,0.01,0.5,0,0,0,0.0001,0.020759405,0.144081246,0.072785819,0.109108878,0.097339484,0.034087026,0.332106606,0.48330227,0.792888648,0.064423598
W.2025-11-02_010214.057d0015,/home/ayesha/SP-VAE-GCN/results/sweeps/losses/W.2025-11-02_010214.057d0015,0.465866566,416,60503,0.2,0.01,2,0.1,0,0,0.0001,0.020767257,0.144108491,0.072189061,0.111641417,0.09060913,0.060700972,0.324988157,0.480461009,0.790965358,0.058930998
W.2025-11-02_100447.d940e42d,/home/ayesha/SP-VAE-GCN/results/sweeps/losses/W.2025-11-02_100447.d940e42d,0.486519635,447,60503,0.2,0.01,2,0.05,0,0,0.0001,0.020768692,0.144113469,0.072575991,0.112800087,0.105556592,0.046392034,0.328808613,0.481150582,0.79128652,0.061656802
W.2025-11-01_174315.b5529e8a,/home/ayesha/SP-VAE-GCN/results/sweeps/losses/W.2025-11-01_174315.b5529e8a,0.726474285,405,60503,0.2,0.01,2,0,-0.1,0.1,0.001,0.020772084,0.144125237,0.069828249,0.170395202,0.009848422,0.204790388,0.338779594,0.469784257,0.77682553,0.04806242
W.2025-11-02_081952.aca88b2c,/home/ayesha/SP-VAE-GCN/results/sweeps/losses/W.2025-11-02_081952.aca88b2c,0.618375242,500,60503,0.2,0.05,2,0.1,-0.05,0.1,0,0.020773456,0.144129996,0.072912866,0.102142181,0.046408327,0.047967258,0.323941896,0.487827197,0.797902321,0.061410438
W.2025-11-01_200232.0bfeec43,/home/ayesha/SP-VAE-GCN/results/sweeps/losses/W.2025-11-01_200232.0bfeec43,0.117935807,500,60503,0.05,0.05,1,0.1,0,0.5,0,0.020777699,0.144144717,0.073065248,0.106821293,0.097890815,0.023257582,0.33268287,0.485732509,0.794844568,0.066498147
W.2025-11-02_022428.e77c8803,/home/ayesha/SP-VAE-GCN/results/sweeps/losses/W.2025-11-02_022428.e77c8803,0.590307832,304,60503,0.2,0.001,2,0.05,-0.05,0.1,0.001,0.020779839,0.144152137,0.070195935,0.196045832,0.153043016,0.153369324,0.342237114,0.462852991,0.774883439,0.046738597
W.2025-11-01_191741.c66fad75,/home/ayesha/SP-VAE-GCN/results/sweeps/losses/W.2025-11-01_191741.c66fad75,0.652599454,500,60503,0.2,0.05,2,0.1,-0.05,0.1,0.001,0.020780055,0.144152889,0.07239182,0.113323472,0.098775118,0.043747865,0.329449579,0.482459974,0.792862173,0.062511608
W.2025-11-02_132756.586a14a2,/home/ayesha/SP-VAE-GCN/results/sweeps/losses/W.2025-11-02_132756.586a14a2,0.762281716,500,60503,0.1,0.05,2,0.1,-0.1,0,0,0.020790528,0.144189209,0.071876551,0.124860678,0.111774198,0.059297535,0.329666241,0.478951109,0.790176531,0.059075753
W.2025-11-01_203258.61f35018,/home/ayesha/SP-VAE-GCN/results/sweeps/losses/W.2025-11-01_203258.61f35018,0.441250652,500,60503,0.2,0.01,0.5,0.1,0,0.1,0.001,0.020799699,0.144221009,0.072637592,0.112299429,0.019046567,0.076926952,0.319309138,0.487578919,0.797423972,0.05690944
W.2025-11-02_153751.6bc60cd4,/home/ayesha/SP-VAE-GCN/results/sweeps/losses/W.2025-11-02_153751.6bc60cd4,0.245128557,358,60503,0.1,0.01,2,0.1,0,0,0,0.020808689,0.14425217,0.072284723,0.106550536,0.111490017,0.04258457,0.328531683,0.480476348,0.790606376,0.061955671
W.2025-11-01_160713.057e9fd5,/home/ayesha/SP-VAE-GCN/results/sweeps/losses/W.2025-11-01_160713.057e9fd5,0.434419543,500,60503,0.2,0.01,0.5,0.2,0,0.1,0.0001,0.020811153,0.14426071,0.072336756,0.129090617,0.048622859,0.079420225,0.323094006,0.485118138,0.796093752,0.055356775
W.2025-11-02_042901.a9de75ef,/home/ayesha/SP-VAE-GCN/results/sweeps/losses/W.2025-11-02_042901.a9de75ef,0.42247051,489,60503,0.2,0.001,0.5,0.2,0,0,0.001,0.02081295,0.14426694,0.069447738,0.195382033,0.094629946,0.188210074,0.340208551,0.46839304,0.781177643,0.042744428
W.2025-11-02_074217.aca76f70,/home/ayesha/SP-VAE-GCN/results/sweeps/losses/W.2025-11-02_074217.aca76f70,0.253295988,500,60503,0.1,0.01,1,0.2,0,0,0.0001,0.020815146,0.144274551,0.072555088,0.106163857,0.091483651,0.037581227,0.329234283,0.483819432,0.79363647,0.063308839
W.2025-11-02_102830.abaa3379,/home/ayesha/SP-VAE-GCN/results/sweeps/losses/W.2025-11-02_102830.abaa3379,0.230618402,211,60503,0.1,0.001,1,0.2,0,0,0.001,0.02082707,0.144315868,0.072870755,0.096943813,0.089524428,0.032461955,0.326537875,0.485726636,0.795413869,0.064391733
W.2025-11-02_074734.5efa3651,/home/ayesha/SP-VAE-GCN/results/sweeps/losses/W.2025-11-02_074734.5efa3651,0.358700931,500,60503,0.1,0.05,2,0,0,0,0.0001,0.020827105,0.144315989,0.073093902,0.091819628,0.06983677,0.032569431,0.326152722,0.486274986,0.795404333,0.063911255
W.2025-11-01_171602.a07a51d1,/home/ayesha/SP-VAE-GCN/results/sweeps/losses/W.2025-11-01_171602.a07a51d1,0.527540445,500,60503,0.1,0.05,2,0,-0.05,0.1,0.001,0.020827413,0.144317058,0.07321315,0.089199367,0.078366873,0.023110633,0.327866731,0.488265036,0.797406978,0.066999096
W.2025-11-02_162709.333c9947,/home/ayesha/SP-VAE-GCN/results/sweeps/losses/W.2025-11-02_162709.333c9947,0.126481533,231,60503,0.05,0.001,2,0.2,0,0.1,0,0.020828426,0.144320567,0.072890737,0.109015094,0.133756502,0.027075182,0.329886905,0.48364646,0.793104282,0.065385369
W.2025-11-02_143922.f08bec1c,/home/ayesha/SP-VAE-GCN/results/sweeps/losses/W.2025-11-02_143922.f08bec1c,0.352365851,500,60503,0.05,0.05,1,0.1,-0.05,0.1,0,0.020833652,0.144338671,0.073533582,0.078551029,0.03797639,0.02552549,0.323695262,0.490075508,0.798888497,0.065887132
W.2025-11-02_065949.10639238,/home/ayesha/SP-VAE-GCN/results/sweeps/losses/W.2025-11-02_065949.10639238,0.449914277,500,60503,0.1,0.05,2,0.2,-0.05,0.1,0,0.020835656,0.144345611,0.073221526,0.08734594,0.063128362,0.032451919,0.323337917,0.487394818,0.796448446,0.063826037
W.2025-11-02_162045.84ea5771,/home/ayesha/SP-VAE-GCN/results/sweeps/losses/W.2025-11-02_162045.84ea5771,0.191896424,500,60503,0.05,0.05,0.5,0.05,0,0,0.001,0.0208416,0.1443662,0.072809551,0.098430755,0.064730081,0.043683353,0.323561188,0.486958877,0.797192644,0.061665352
W.2025-11-02_064614.34c6f7bb,/home/ayesha/SP-VAE-GCN/results/sweeps/losses/W.2025-11-02_064614.34c6f7bb,0.223068535,500,60503,0.05,0.05,1,0.1,0,0,0,0.020841625,0.144366289,0.072562895,0.101558701,0.090106396,0.037011086,0.326304506,0.484031061,0.793604693,0.062815953
W.2025-11-01_162300.74905b8d,/home/ayesha/SP-VAE-GCN/results/sweeps/losses/W.2025-11-01_162300.74905b8d,0.734952569,500,60503,0.2,0.05,2,0.1,-0.05,0,0.0001,0.020841628,0.144366298,0.072509476,0.113684348,0.069850485,0.057380515,0.323381078,0.485135781,0.795780453,0.058785085
W.2025-11-02_154619.243e4503,/home/ayesha/SP-VAE-GCN/results/sweeps/losses/W.2025-11-02_154619.243e4503,0.602351427,500,60503,0.2,0.05,2,0.2,0,0.1,0,0.020849371,0.144393111,0.073443097,0.079414472,0.035801665,0.026856915,0.322589647,0.490942034,0.800022255,0.065513815
W.2025-11-02_110354.75c2c57b,/home/ayesha/SP-VAE-GCN/results/sweeps/losses/W.2025-11-02_110354.75c2c57b,0.234728903,500,60503,0.1,0.01,1,0.05,0,0,0.001,0.020850263,0.144396202,0.072728364,0.10362057,0.069545203,0.047141067,0.323224779,0.485812058,0.795969863,0.060833608
W.2025-11-02_072907.4a437280,/home/ayesha/SP-VAE-GCN/results/sweeps/losses/W.2025-11-02_072907.4a437280,0.239879087,141,60503,0.1,0.001,2,0.2,0,0,0.001,0.020857259,0.144420426,0.072761345,0.083005949,0.079835716,0.030664214,0.325461462,0.484707948,0.7942641,0.064277221
W.2025-11-02_083221.e4b67c65,/home/ayesha/SP-VAE-GCN/results/sweeps/losses/W.2025-11-02_083221.e4b67c65,0.123240814,202,60503,0.05,0.001,1,0.1,0,0,0,0.020857909,0.144422674,0.0732562,0.081054252,0.074306506,0.023768927,0.324111422,0.488014704,0.797010746,0.065918279
W.2025-11-02_061228.576ba020,/home/ayesha/SP-VAE-GCN/results/sweeps/losses/W.2025-11-02_061228.576ba020,0.245641693,500,60503,0.1,0.01,1,0.2,0,0,0,0.0208602,0.144430607,0.07278635,0.091784182,0.08044388,0.041094724,0.321314907,0.485975948,0.795780361,0.062213754
W.2025-11-02_100351.7f1a5032,/home/ayesha/SP-VAE-GCN/results/sweeps/losses/W.2025-11-02_100351.7f1a5032,0.231843144,312,60503,0.1,0.001,1,0.1,0,0,0.0001,0.020866522,0.144452489,0.072589831,0.096514463,0.107511938,0.037535008,0.321642099,0.483881293,0.793586821,0.062458225
W.2025-11-02_154424.391bf1d0,/home/ayesha/SP-VAE-GCN/results/sweeps/losses/W.2025-11-02_154424.391bf1d0,0.715214193,500,60503,0.2,0.05,2,0.05,-0.05,0,0,0.020867163,0.14445471,0.0725989,0.104268099,0.085173462,0.046564805,0.323483591,0.484035126,0.794509699,0.060971071
W.2025-11-02_172740.0442d0ee,/home/ayesha/SP-VAE-GCN/results/sweeps/losses/W.2025-11-02_172740.0442d0ee,0.780045152,500,60503,0.2,0.05,2,0.1,-0.05,0,0.001,0.02087641,0.144486713,0.072517931,0.104531188,0.092405576,0.049904941,0.321174735,0.483426541,0.793698037,0.060060233
W.2025-11-02_021702.d8084bbf,/home/ayesha/SP-VAE-GCN/results/sweeps/losses/W.2025-11-02_021702.d8084bbf,0.375789136,500,60503,0.1,0.05,2,0,0,0.1,0.001,0.020879479,0.144497331,0.073393027,0.07514557,0.064555797,0.016311921,0.326567125,0.488948147,0.797541992,0.068183682
W.2025-11-01_174017.231842c4,/home/ayesha/SP-VAE-GCN/results/sweeps/losses/W.2025-11-01_174017.231842c4,0.279131323,500,60503,0.05,0.05,2,0.1,0,0.1,0,0.020888481,0.144528477,0.073109377,0.094085924,0.096249073,0.014499309,0.329288707,0.487446277,0.796248765,0.068710156
W.2025-11-02_150300.38b1ca76,/home/ayesha/SP-VAE-GCN/results/sweeps/losses/W.2025-11-02_150300.38b1ca76,0.473672718,500,60503,0.2,0.01,1,0.2,0,0,0.001,0.020902195,0.144575914,0.072589035,0.102110357,0.077314641,0.054594052,0.317672925,0.485631147,0.796226467,0.059128616
W.2025-11-01_164503.f30a5112,/home/ayesha/SP-VAE-GCN/results/sweeps/losses/W.2025-11-01_164503.f30a5112,0.181917623,500,60503,0.05,0.05,2,0,0,0.1,0.001,0.020905074,0.144585869,0.073519535,0.072202539,0.053141237,0.017605693,0.322835657,0.490143533,0.798617525,0.067120142
W.2025-11-02_111332.0d1c4b22,/home/ayesha/SP-VAE-GCN/results/sweeps/losses/W.2025-11-02_111332.0d1c4b22,0.490516722,500,60503,0.1,0.05,2,0.05,-0.05,0,0.001,0.020907018,0.144592594,0.072276938,0.105150396,0.111022761,0.036939275,0.32550764,0.481670001,0.791284433,0.062036584
W.2025-11-01_190839.ab3bdff8,/home/ayesha/SP-VAE-GCN/results/sweeps/losses/W.2025-11-01_190839.ab3bdff8,0.126447469,159,60503,0.05,0.001,2,0.05,0,0,0.001,0.020911066,0.144606589,0.073479117,0.072373589,0.046463964,0.022601181,0.321289886,0.490021433,0.798695994,0.065356085
W.2025-11-02_113833.19b6e804,/home/ayesha/SP-VAE-GCN/results/sweeps/losses/W.2025-11-02_113833.19b6e804,0.129744992,449,60503,0.05,0.01,2,0.05,0,0.1,0.0001,0.020915419,0.14462164,0.073306982,0.077726613,0.073094904,0.019762813,0.322524069,0.488783004,0.797455691,0.066140464
W.2025-11-02_173522.3e171e0e,/home/ayesha/SP-VAE-GCN/results/sweeps/losses/W.2025-11-02_173522.3e171e0e,0.638863027,500,60503,0.2,0.05,2,0,0,0,0.0001,0.020919157,0.144634563,0.072996508,0.083761491,0.078337765,0.027250093,0.322150274,0.486938747,0.796091002,0.064541288
W.2025-11-01_181708.02df2f44,/home/ayesha/SP-VAE-GCN/results/sweeps/losses/W.2025-11-01_181708.02df2f44,0.337976694,500,60503,0.1,0.05,2,0,0,0.5,0.0001,0.020923689,0.14465023,0.073827255,0.067249398,0.02006493,0.012250636,0.322551048,0.492564783,0.800561466,0.068935666
W.2025-11-02_075455.3965ed10,/home/ayesha/SP-VAE-GCN/results/sweeps/losses/W.2025-11-02_075455.3965ed10,0.117090933,270,60503,0.05,0.001,1,0,0,0.1,0.001,0.020924937,0.144654542,0.073532273,0.070184427,0.057022841,0.018283534,0.32118791,0.490340856,0.798805382,0.066469525
W.2025-11-01_194457.fe435193,/home/ayesha/SP-VAE-GCN/results/sweeps/losses/W.2025-11-01_194457.fe435193,0.476411074,500,60503,0.2,0.01,1,0.05,0,0,0.0001,0.02093347,0.144684035,0.07273537,0.09016226,0.083920942,0.036570336,0.319895881,0.486336627,0.796149562,0.062494693
W.2025-11-01_225750.aed4da36,/home/ayesha/SP-VAE-GCN/results/sweeps/losses/W.2025-11-01_225750.aed4da36,0.131967634,385,60503,0.05,0.01,2,0.1,0,0.1,0.0001,0.020934387,0.144687204,0.072935598,0.081011573,0.07581226,0.021435134,0.325094302,0.486422336,0.795277923,0.0654438
W.2025-11-02_014318.e81e5c01,/home/ayesha/SP-VAE-GCN/results/sweeps/losses/W.2025-11-02_014318.e81e5c01,0.420638174,500,60503,0.2,0.001,0.5,0.2,0,0.1,0.0001,0.02095393,0.144754725,0.072587307,0.115054298,0.018356451,0.094506496,0.310310598,0.489526249,0.799449806,0.052046261
W.2025-11-02_040427.4ca70093,/home/ayesha/SP-VAE-GCN/results/sweeps/losses/W.2025-11-02_040427.4ca70093,0.437067717,500,60503,0.2,0.01,1,0.05,0,0.1,0.0001,0.020955889,0.144761489,0.073293158,0.087161961,0.052714329,0.036308128,0.314789112,0.491098473,0.800777143,0.061645365
W.2025-11-02_122744.b773d078,/home/ayesha/SP-VAE-GCN/results/sweeps/losses/W.2025-11-02_122744.b773d078,0.138215691,500,60503,0.05,0.01,2,0.2,0,0.1,0.001,0.020962311,0.144783668,0.073461099,0.076797081,0.046849967,0.024233515,0.318122888,0.49039872,0.798884449,0.064564842
W.2025-11-01_204505.5510520e,/home/ayesha/SP-VAE-GCN/results/sweeps/losses/W.2025-11-01_204505.5510520e,0.473546326,500,60503,0.2,0.01,2,0.1,0,0.1,0.0001,0.020971336,0.144814834,0.073406307,0.071047515,0.057301543,0.027495555,0.31452448,0.49080566,0.79973686,0.064022435
W.2025-11-02_043801.4b067a86,/home/ayesha/SP-VAE-GCN/results/sweeps/losses/W.2025-11-02_043801.4b067a86,0.111316614,463,60503,0.05,0.001,0.5,0,0,0.1,0.001,0.020971558,0.144815599,0.073448889,0.073313288,0.020637836,0.029229921,0.313602313,0.491502288,0.800299633,0.062674712
W.2025-11-02_165256.855c13ca,/home/ayesha/SP-VAE-GCN/results/sweeps/losses/W.2025-11-02_165256.855c13ca,0.114940509,235,60503,0.05,0.001,0.5,0.2,0,0,0,0.020973766,0.144823223,0.073160205,0.074824908,0.057648696,0.031849235,0.31420322,0.4897661,0.799143973,0.062688478
W.2025-11-02_105055.4f04f014,/home/ayesha/SP-VAE-GCN/results/sweeps/losses/W.2025-11-02_105055.4f04f014,0.173317552,500,60503,0.05,0.05,1,0.1,0,0.5,0.0001,0.020974926,0.144827227,0.073712621,0.053590405,0.052973797,0.012310766,0.318108903,0.492159306,0.800327683,0.067241115
W.2025-11-02_163842.d90c548b,/home/ayesha/SP-VAE-GCN/results/sweeps/losses/W.2025-11-02_163842.d90c548b,0.116358548,407,60503,0.05,0.001,0.5,0.05,0,0.5,0.0001,0.020975356,0.144828712,0.071468148,0.156038883,0.001314267,0.127935729,0.329255277,0.475288926,0.784231,0.054052857
W.2025-11-02_105704.6c85adc5,/home/ayesha/SP-VAE-GCN/results/sweeps/losses/W.2025-11-02_105704.6c85adc5,0.312669337,500,60503,0.1,0.05,1,0.2,0,0,0.001,0.020978652,0.144840092,0.073347475,0.073595489,0.056275331,0.025355469,0.31663754,0.489927295,0.798775159,0.064198107
W.2025-11-02_144540.d169dbb1,/home/ayesha/SP-VAE-GCN/results/sweeps/losses/W.2025-11-02_144540.d169dbb1,0.62207675,500,60503,0.2,0.01,2,0.1,-0.05,0.1,0.001,0.020989134,0.14487627,0.072656915,0.098375769,0.096395814,0.03977807,0.317112507,0.486532685,0.796144607,0.061277093
W.2025-11-02_141828.43092cd2,/home/ayesha/SP-VAE-GCN/results/sweeps/losses/W.2025-11-02_141828.43092cd2,0.459643662,500,60503,0.2,0.01,1,0,0,0,0.001,0.020992621,0.144888306,0.072333989,0.101524828,0.065162978,0.070459567,0.311495176,0.485677908,0.796488479,0.056220807
W.2025-11-01_162455.3ee25d4a,/home/ayesha/SP-VAE-GCN/results/sweeps/losses/W.2025-11-01_162455.3ee25d4a,0.235700458,287,60503,0.1,0.01,2,0.1,0,0.1,0.001,0.020994566,0.144895016,0.073496485,0.063317607,0.047137224,0.019382261,0.315834341,0.491457958,0.799876429,0.065334247
W.2025-11-02_170509.8138ad7b,/home/ayesha/SP-VAE-GCN/results/sweeps/losses/W.2025-11-02_170509.8138ad7b,0.655508041,500,60503,0.2,0.05,0.5,0.2,0,0,0,0.021001625,0.144919373,0.07311744,0.071963805,0.058726585,0.034423967,0.310655351,0.49260947,0.803230327,0.062694168
W.2025-11-01_223902.bee8311f,/home/ayesha/SP-VAE-GCN/results/sweeps/losses/W.2025-11-01_223902.bee8311f,0.425723314,347,60503,0.2,0.001,0.5,0,0,0,0.001,0.021003114,0.144924511,0.068838226,0.193772958,0.090683812,0.223867724,0.336342331,0.465324452,0.775844371,0.040363603
W.2025-11-02_111646.0e95f682,/home/ayesha/SP-VAE-GCN/results/sweeps/losses/W.2025-11-02_111646.0e95f682,0.227263689,243,60503,0.1,0.001,1,0.05,0,0,0.001,0.021010887,0.144951326,0.073087215,0.071054908,0.061720019,0.032956456,0.312796427,0.488627458,0.797989441,0.062291407
W.2025-11-02_173832.9549ac6f,/home/ayesha/SP-VAE-GCN/results/sweeps/losses/W.2025-11-02_173832.9549ac6f,0.583608687,500,60503,0.1,0.05,1,0.1,-0.05,0,0.001,0.021012701,0.144957583,0.073043593,0.087085754,0.061626246,0.040081677,0.311817678,0.490252558,0.800356777,0.060768248
W.2025-11-02_123020.b2c1e0bf,/home/ayesha/SP-VAE-GCN/results/sweeps/losses/W.2025-11-02_123020.b2c1e0bf,0.214087203,500,60503,0.05,0.05,2,0.05,0,0.1,0.001,0.02101385,0.144961548,0.073481747,0.051081713,0.050623535,0.010672491,0.317369722,0.491424622,0.799633949,0.068015596
W.2025-11-01_220458.06b90833,/home/ayesha/SP-VAE-GCN/results/sweeps/losses/W.2025-11-01_220458.06b90833,0.158101395,500,60503,0.05,0.05,1,0.1,0,0.1,0.0001,0.021022861,0.144992623,0.074138829,0.030759774,-0.019916819,0.011619014,0.31138018,0.496551213,0.804149177,0.06724447
W.2025-11-01_191452.e85c1b7b,/home/ayesha/SP-VAE-GCN/results/sweeps/losses/W.2025-11-01_191452.e85c1b7b,0.745800376,500,60503,0.2,0.01,2,0.1,-0.1,0.1,0.001,0.021022864,0.144992635,0.071368833,0.133545844,0.085653391,0.109487019,0.31926626,0.477064935,0.789539242,0.051438038
W.2025-11-02_020542.fe795f16,/home/ayesha/SP-VAE-GCN/results/sweeps/losses/W.2025-11-02_020542.fe795f16,0.661579728,500,60503,0.1,0.05,2,0,-0.1,0.1,0.0001,0.021027608,0.145008993,0.073282399,0.078848922,0.071191765,0.030020354,0.313075059,0.48935314,0.798206981,0.062596803
W.2025-11-01_185941.e555b76b,/home/ayesha/SP-VAE-GCN/results/sweeps/losses/W.2025-11-01_185941.e555b76b,0.628270507,500,60503,0.1,0.05,2,0.05,-0.1,0.5,0.0001,0.021027753,0.145009491,0.073613274,0.04838113,0.04518811,0.006379323,0.318215135,0.492580888,0.800479344,0.069301552
W.2025-11-02_035403.67857697,/home/ayesha/SP-VAE-GCN/results/sweeps/losses/W.2025-11-02_035403.67857697,0.742283404,500,60503,0.2,0.01,2,0.05,-0.1,0,0,0.021029602,0.145015869,0.068229461,0.220255205,0.118925186,0.198144251,0.354395937,0.455809915,0.767330315,0.042618548
W.2025-11-02_180601.2cf17b66,/home/ayesha/SP-VAE-GCN/results/sweeps/losses/W.2025-11-02_180601.2cf17b66,0.391129375,500,60503,0.05,0.05,2,0.1,-0.05,0.5,0,0.021029839,0.145016684,0.0737723,0.038715398,0.048390698,0.00465269,0.316965651,0.493458648,0.801347488,0.070045036
W.2025-11-01_163807.e4d27f5b,/home/ayesha/SP-VAE-GCN/results/sweeps/losses/W.2025-11-01_163807.e4d27f5b,0.430308878,500,60503,0.2,0.05,1,0.05,0,0.1,0.0001,0.021035943,0.145037729,0.073374414,0.082735682,0.013421421,0.046227621,0.307641518,0.492953225,0.802044379,0.058526078
W.2025-11-02_171355.8d64f3a0,/home/ayesha/SP-VAE-GCN/results/sweeps/losses/W.2025-11-02_171355.8d64f3a0,0.558957696,500,60503,0.2,0.05,2,0,0,0.1,0.0001,0.021036274,0.145038871,0.073503635,0.053020076,0.031217544,0.017650257,0.312689074,0.493034445,0.801471313,0.065998783
W.2025-11-02_062240.2fd65e84,/home/ayesha/SP-VAE-GCN/results/sweeps/losses/W.2025-11-02_062240.2fd65e84,0.418070108,500,60503,0.05,0.05,2,0.1,-0.05,0,0.001,0.021039735,0.145050803,0.072721764,0.082890762,0.080172173,0.038399237,0.313692434,0.485693907,0.795056019,0.060675105
W.2025-11-02_031347.931cf5b3,/home/ayesha/SP-VAE-GCN/results/sweeps/losses/W.2025-11-02_031347.931cf5b3,0.536045849,500,60503,0.2,0.05,1,0.2,0,0,0.001,0.021040441,0.145053236,0.073457068,0.070402114,0.031563539,0.037972161,0.306857088,0.493895393,0.803391418,0.0611457
W.2025-11-02_044259.479f1a9a,/home/ayesha/SP-VAE-GCN/results/sweeps/losses/W.2025-11-02_044259.479f1a9a,0.465640217,287,60503,0.2,0.001,2,0,0,0.1,0.0001,0.021044809,0.145068291,0.073523638,0.070617239,0.068884138,0.021075753,0.311037954,0.491249729,0.799836712,0.06451706
W.2025-11-01_182811.207b5f93,/home/ayesha/SP-VAE-GCN/results/sweeps/losses/W.2025-11-01_182811.207b5f93,0.24021931,331,60503,0.1,0.01,2,0.2,0,0.5,0,0.021045084,0.145069239,0.073687442,0.046787283,0.031985649,0.012522495,0.313731304,0.492751982,0.800757145,0.065973038
W.2025-11-01_230417.7060e9ef,/home/ayesha/SP-VAE-GCN/results/sweeps/losses/W.2025-11-01_230417.7060e9ef,0.458496213,221,60503,0.2,0.001,2,0,0,0,0.001,0.021049316,0.145083825,0.072967406,0.085895325,0.089198712,0.031937422,0.313428822,0.487704716,0.797165574,0.061781702
W.2025-11-02_132020.4794f0f0,/home/ayesha/SP-VAE-GCN/results/sweeps/losses/W.2025-11-02_132020.4794f0f0,0.178831786,500,60503,0.05,0.05,1,0,0,0.1,0.001,0.021050674,0.145088503,0.073680369,0.034842992,0.029082137,0.005908151,0.315764162,0.493494923,0.8013607,0.069168751
W.2025-11-01_225013.f1ae2f84,/home/ayesha/SP-VAE-GCN/results/sweeps/losses/W.2025-11-01_225013.f1ae2f84,0.307460427,500,60503,0.05,0.05,1,0.05,-0.05,0,0,0.021052341,0.14509425,0.072150853,0.10816499,0.111336814,0.049463126,0.316876303,0.481321352,0.791249116,0.058419578
W.2025-11-02_010216.34a0b9f3,/home/ayesha/SP-VAE-GCN/results/sweeps/losses/W.2025-11-02_010216.34a0b9f3,0.418859184,500,60503,0.1,0.05,1,0,0,0,0.0001,0.021056149,0.145107369,0.073043473,0.075749308,0.072704961,0.0300033,0.31291543,0.488716923,0.798236096,0.062413057
W.2025-11-01_180534.a211714d,/home/ayesha/SP-VAE-GCN/results/sweeps/losses/W.2025-11-01_180534.a211714d,0.763060808,500,60503,0.2,0.05,2,0.05,-0.1,0,0,0.02106296,0.145130838,0.072353207,0.11046044,0.056138114,0.075130175,0.312382078,0.486832322,0.797574721,0.055220539
W.2025-11-01_203602.3f433df8,/home/ayesha/SP-VAE-GCN/results/sweeps/losses/W.2025-11-01_203602.3f433df8,0.59019047,390,60503,0.2,0.01,2,0,-0.05,0.1,0,0.021069132,0.145152099,0.073192033,0.096830398,0.045422198,0.056129557,0.31042978,0.489764123,0.799079788,0.057453972
W.2025-11-01_155325.b4ec774c,/home/ayesha/SP-VAE-GCN/results/sweeps/losses/W.2025-11-01_155325.b4ec774c,0.34464711,500,60503,0.1,0.05,0.5,0.05,0,0,0.001,0.02107657,0.14517772,0.073156328,0.075872182,0.060747159,0.034693975,0.308244142,0.491112767,0.80074686,0.061684264
W.2025-11-02_083820.f85bf4e0,/home/ayesha/SP-VAE-GCN/results/sweeps/losses/W.2025-11-02_083820.f85bf4e0,0.605218112,500,60503,0.2,0.05,2,0.1,0,0.1,0.0001,0.021086229,0.145210979,0.073436383,0.048068182,0.062207565,0.012550839,0.311211723,0.494070387,0.802855077,0.06748605
W.2025-11-02_004508.3c38c8fd,/home/ayesha/SP-VAE-GCN/results/sweeps/losses/W.2025-11-02_004508.3c38c8fd,0.327086031,500,60503,0.1,0.05,1,0,0,0,0,0.021087585,0.14521565,0.073261621,0.070992191,0.062191597,0.025720551,0.311286062,0.49048627,0.799340619,0.062858654
W.2025-11-02_132530.359e0476,/home/ayesha/SP-VAE-GCN/results/sweeps/losses/W.2025-11-02_132530.359e0476,0.482150793,500,60503,0.1,0.05,1,0.1,-0.05,0.1,0.001,0.021087867,0.14521662,0.073501392,0.046331998,0.061523726,0.012170379,0.310830355,0.494848942,0.803803251,0.068168696
W.2025-11-02_005010.ffd92d54,/home/ayesha/SP-VAE-GCN/results/sweeps/losses/W.2025-11-02_005010.ffd92d54,0.233975768,500,60503,0.1,0.01,1,0.2,0,0.1,0.001,0.021091475,0.145229044,0.073660664,0.043281958,0.037246002,0.014705528,0.309390966,0.495646595,0.804304039,0.066223809
W.2025-11-01_182607.85f505b1,/home/ayesha/SP-VAE-GCN/results/sweeps/losses/W.2025-11-01_182607.85f505b1,0.475654602,500,60503,0.2,0.01,2,0.2,0,0.1,0.001,0.02109158,0.145229406,0.073755049,0.040320366,0.018034132,0.0168946,0.306432489,0.495613141,0.80379625,0.065280111
W.2025-11-02_112437.3568db2c,/home/ayesha/SP-VAE-GCN/results/sweeps/losses/W.2025-11-02_112437.3568db2c,0.443710238,500,60503,0.1,0.05,2,0.1,0,0.1,0.0001,0.021093174,0.145234892,0.073421051,0.034545279,0.057957242,0.004916384,0.313979272,0.492366339,0.800378518,0.068810209
W.2025-11-02_040119.f1e6d70f,/home/ayesha/SP-VAE-GCN/results/sweeps/losses/W.2025-11-02_040119.f1e6d70f,0.421691,500,60503,0.1,0.05,2,0,-0.05,0,0,0.021093392,0.145235641,0.07304416,0.086594815,0.072828593,0.039083052,0.311159147,0.487767605,0.796717476,0.060004932
W.2025-11-02_172407.c17eea50,/home/ayesha/SP-VAE-GCN/results/sweeps/losses/W.2025-11-02_172407.c17eea50,0.333609194,500,60503,0.1,0.05,1,0.1,0,0,0,0.021096158,0.145245164,0.073005717,0.072472846,0.065973449,0.036209469,0.307055876,0.489464934,0.798760135,0.060628404
W.2025-11-02_094742.6537441c,/home/ayesha/SP-VAE-GCN/results/sweeps/losses/W.2025-11-02_094742.6537441c,0.17111823,500,60503,0.05,0.05,1,0,0,0.1,0.0001,0.021096386,0.14524595,0.07410938,0.014584657,-0.008658959,0.004873682,0.309402542,0.496577544,0.804050395,0.068695619
W.2025-11-02_102923.4229ebfe,/home/ayesha/SP-VAE-GCN/results/sweeps/losses/W.2025-11-02_102923.4229ebfe,0.32589972,500,60503,0.05,0.05,1,0.1,-0.05,0.5,0.001,0.021097916,0.145251217,0.073627753,0.022908865,0.040547549,0.002765028,0.313394239,0.493595406,0.801448689,0.069506967
W.2025-11-01_182954.6cc10946,/home/ayesha/SP-VAE-GCN/results/sweeps/losses/W.2025-11-01_182954.6cc10946,0.133367345,500,60503,0.05,0.01,1,0,0,0.5,0,0.021099311,0.145256019,0.073706175,0.035572316,0.030980462,0.006400473,0.313189808,0.493475407,0.801366816,0.067304863
W.2025-11-02_002435.17cf2c8a,/home/ayesha/SP-VAE-GCN/results/sweeps/losses/W.2025-11-02_002435.17cf2c8a,0.710286319,500,60503,0.2,0.05,1,0,-0.05,0.1,0,0.02109932,0.14525605,0.07337994,0.062296605,0.047397837,0.021727223,0.308808413,0.495170554,0.805008635,0.065757223
W.2025-11-01_220844.8e43ad57,/home/ayesha/SP-VAE-GCN/results/sweeps/losses/W.2025-11-01_220844.8e43ad57,0.222084418,500,60503,0.1,0.05,1,0.2,0,0.1,0,0.021099389,0.145256286,0.074037266,0.049813032,0.008637543,0.02123793,0.303956371,0.497421767,0.80579468,0.063623968
W.2025-11-02_054519.b3cc46f5,/home/ayesha/SP-VAE-GCN/results/sweeps/losses/W.2025-11-02_054519.b3cc46f5,0.113773584,371,60503,0.05,0.001,0.5,0,0,0.1,0.0001,0.021103352,0.145269928,0.073473561,0.044220401,0.042552999,0.010616408,0.310991851,0.493276776,0.801526682,0.066716407
W.2025-11-01_200854.a777e055,/home/ayesha/SP-VAE-GCN/results/sweeps/losses/W.2025-11-01_200854.a777e055,0.262430072,500,60503,0.1,0.05,2,0,0,0.1,0.0001,0.021112933,0.1453029,0.073746983,0.041391118,0.029236177,0.013727982,0.307921293,0.494423283,0.802329489,0.065486985
W.2025-11-02_155503.cb7ec1f0,/home/ayesha/SP-VAE-GCN/results/sweeps/losses/W.2025-11-02_155503.cb7ec1f0,0.142093554,500,60503,0.05,0.01,0,0.1,0,0.1,0.001,0.021114761,0.145309189,0.073968423,0.02312685,0.018319994,0.007354678,0.307468973,0.497695999,0.805946403,0.068464919
W.2025-11-02_041253.af6b40b3,/home/ayesha/SP-VAE-GCN/results/sweeps/losses/W.2025-11-02_041253.af6b40b3,0.109728143,500,60503,0.05,0.01,0.5,0.1,0,0.1,0,0.021119855,0.145326718,0.074036747,0.047371069,0.01201226,0.020931321,0.30297658,0.497367417,0.805559211,0.063377199
W.2025-11-02_062555.b6f7bb6c,/home/ayesha/SP-VAE-GCN/results/sweeps/losses/W.2025-11-02_062555.b6f7bb6c,0.346770346,500,60503,0.05,0.05,1,0.1,-0.05,0,0.0001,0.021120252,0.145328083,0.073085015,0.083079182,0.0672573,0.041195783,0.307126681,0.489207444,0.798394719,0.059349254
W.2025-11-02_001459.c36cdc1b,/home/ayesha/SP-VAE-GCN/results/sweeps/losses/W.2025-11-02_001459.c36cdc1b,0.36546433,500,60503,0.1,0.05,0.5,0.05,0,0.5,0.0001,0.021129127,0.145358616,0.07382212,0.031848104,0.028584777,0.007043697,0.308458152,0.494832244,0.802699802,0.067867741
W.2025-11-02_090234.b439c64e,/home/ayesha/SP-VAE-GCN/results/sweeps/losses/W.2025-11-02_090234.b439c64e,0.517866433,500,60503,0.1,0.05,2,0,0,0.5,0.001,0.021136125,0.145382685,0.07381796,0.001916128,0.003397673,-0.000480363,0.311261144,0.495475754,0.803016381,0.070318937
W.2025-11-01_211205.83f2a964,/home/ayesha/SP-VAE-GCN/results/sweeps/losses/W.2025-11-01_211205.83f2a964,0.605036855,500,60503,0.05,0.05,2,0.1,-0.1,0.1,0.001,0.021137435,0.145387191,0.072844448,0.086704306,0.090081331,0.021829469,0.314706613,0.487228179,0.795916167,0.062883457
W.2025-11-02_013940.eea6f04b,/home/ayesha/SP-VAE-GCN/results/sweeps/losses/W.2025-11-02_013940.eea6f04b,0.134310737,500,60503,0.05,0.01,1,0,0,0.1,0.001,0.021139953,0.145395849,0.073822027,0.029611346,0.019225348,0.007556133,0.307800409,0.49506951,0.802838209,0.066773287
W.2025-11-02_111900.59d6abf6,/home/ayesha/SP-VAE-GCN/results/sweeps/losses/W.2025-11-02_111900.59d6abf6,0.420854151,500,60503,0.05,0.05,2,0,-0.05,0.5,0.0001,0.021142152,0.145403413,0.073726307,0.006364727,0.020169447,0.000220195,0.31055622,0.495019506,0.802647358,0.06987309
W.2025-11-02_000856.fb481ab1,/home/ayesha/SP-VAE-GCN/results/sweeps/losses/W.2025-11-02_000856.fb481ab1,0.121273957,177,60503,0.05,0.001,2,0.2,0,0.1,0.0001,0.021144685,0.145412123,0.073388455,0.039035743,0.060819209,0.005859151,0.311362252,0.492206986,0.800296343,0.067337524
W.2025-11-01_202556.27e61207,/home/ayesha/SP-VAE-GCN/results/sweeps/losses/W.2025-11-01_202556.27e61207,0.390179008,500,60503,0.05,0.05,2,0.1,-0.05,0.5,0.001,0.021151258,0.14543472,0.07382421,-0.013986095,0.00520302,-0.001959318,0.310132318,0.49562574,0.803105826,0.07072479
W.2025-11-02_174049.e3cb31d3,/home/ayesha/SP-VAE-GCN/results/sweeps/losses/W.2025-11-02_174049.e3cb31d3,0.559027314,500,60503,0.1,0.05,2,0.2,-0.05,0.5,0,0.021153044,0.145440859,0.074075263,-0.009059188,-0.01410431,-6.78E-05,0.30774265,0.497144089,0.804444549,0.069489361
W.2025-11-01_164134.f03e1136,/home/ayesha/SP-VAE-GCN/results/sweeps/losses/W.2025-11-01_164134.f03e1136,0.341280401,500,60503,0.05,0.05,2,0.2,-0.05,0,0.0001,0.021153173,0.145441305,0.072740044,0.081219288,0.084805741,0.033617644,0.310507112,0.48637064,0.795087604,0.060439323
W.2025-11-01_183355.f06d5025,/home/ayesha/SP-VAE-GCN/results/sweeps/losses/W.2025-11-01_183355.f06d5025,0.594667792,500,60503,0.1,0.05,2,0.1,-0.1,0.1,0.0001,0.021155093,0.145447904,0.073118632,0.080563215,0.069108415,0.037778775,0.305872387,0.489769753,0.798952505,0.059750447
W.2025-11-02_025329.e66da8d8,/home/ayesha/SP-VAE-GCN/results/sweeps/losses/W.2025-11-02_025329.e66da8d8,0.120857462,500,60503,0.05,0.01,1,0.1,0,0.1,0.001,0.021159481,0.145462989,0.07404179,0.003165886,-0.008901099,0.002605443,0.305573233,0.49721854,0.80461689,0.068694347
W.2025-11-02_031249.5b9d3062,/home/ayesha/SP-VAE-GCN/results/sweeps/losses/W.2025-11-02_031249.5b9d3062,0.685562015,500,60503,0.2,0.05,2,0.05,-0.05,0,0.0001,0.021163756,0.145477681,0.072681958,0.09188125,0.070114437,0.043847315,0.309556541,0.488132299,0.797776756,0.058874623
W.2025-11-01_224818.ad82c53d,/home/ayesha/SP-VAE-GCN/results/sweeps/losses/W.2025-11-01_224818.ad82c53d,0.357440203,500,60503,0.1,0.05,0.5,0,0,0,0.001,0.021169745,0.145498264,0.073566052,0.047628558,0.032546844,0.023408959,0.301149142,0.495642223,0.804713102,0.063045848
W.2025-11-01_174223.f1160c81,/home/ayesha/SP-VAE-GCN/results/sweeps/losses/W.2025-11-01_174223.f1160c81,0.239705116,216,60503,0.1,0.001,2,0.1,0,0,0,0.021172176,0.145506618,0.073614523,0.043054633,0.034390465,0.01796838,0.302513464,0.494871513,0.803245523,0.063362418
W.2025-11-02_040216.1157cd6b,/home/ayesha/SP-VAE-GCN/results/sweeps/losses/W.2025-11-02_040216.1157cd6b,0.810536623,500,60503,0.2,0.05,2,0,-0.1,0.1,0,0.021173902,0.145512549,0.073853889,0.052500418,0.010544234,0.027677276,0.299168015,0.499121047,0.807863164,0.062211302
W.2025-11-01_223355.77c135cf,/home/ayesha/SP-VAE-GCN/results/sweeps/losses/W.2025-11-01_223355.77c135cf,0.434535205,500,60503,0.2,0.05,1,0.05,0,0.5,0,0.021181367,0.145538198,0.072068152,0.144816815,-0.005640667,0.101941177,0.316932111,0.482115091,0.791329886,0.053934564
W.2025-11-01_183650.4ed656e4,/home/ayesha/SP-VAE-GCN/results/sweeps/losses/W.2025-11-01_183650.4ed656e4,0.457775295,500,60503,0.2,0.01,0.5,0,0,0,0.001,0.021182753,0.145542961,0.073555692,0.066339512,0.019552111,0.040056986,0.298108824,0.4974527,0.807334196,0.059529368
W.2025-11-01_163604.2272f343,/home/ayesha/SP-VAE-GCN/results/sweeps/losses/W.2025-11-01_163604.2272f343,0.246250689,500,60503,0.1,0.01,0.5,0,0,0.1,0.0001,0.021187317,0.145558639,0.073771848,0.039268505,0.00289922,0.012347111,0.302867699,0.497388118,0.805662719,0.065706573
W.2025-11-02_134516.070857b3,/home/ayesha/SP-VAE-GCN/results/sweeps/losses/W.2025-11-02_134516.070857b3,0.468866169,500,60503,0.1,0.05,1,0.05,-0.05,0.1,0,0.021189768,0.145567058,0.073917624,0.027800196,0.009271221,0.011384265,0.300880586,0.499743537,0.808427775,0.066645619
W.2025-11-02_063719.dbbf96a5,/home/ayesha/SP-VAE-GCN/results/sweeps/losses/W.2025-11-02_063719.dbbf96a5,0.183826223,500,60503,0.05,0.05,1,0.2,0,0,0,0.021189799,0.145567163,0.073216289,0.062159091,0.065337758,0.01990675,0.307009825,0.491607574,0.800252893,0.063142058
W.2025-11-02_063507.459dad63,/home/ayesha/SP-VAE-GCN/results/sweeps/losses/W.2025-11-02_063507.459dad63,0.349790901,500,60503,0.05,0.05,1,0.2,-0.05,0.1,0.001,0.021191634,0.145573466,0.073453397,0.0311567,0.054083498,0.009395834,0.304624046,0.494802377,0.803286442,0.066646502
W.2025-11-02_104110.b954fef4,/home/ayesha/SP-VAE-GCN/results/sweeps/losses/W.2025-11-02_104110.b954fef4,0.12255837,500,60503,0.05,0.05,1,0.2,0,0,0.0001,0.021195393,0.145586378,0.073485012,0.055700638,0.04729019,0.018526631,0.304986411,0.493131143,0.801257616,0.063257301
W.2025-11-02_122347.a21b0993,/home/ayesha/SP-VAE-GCN/results/sweeps/losses/W.2025-11-02_122347.a21b0993,0.25965035,500,60503,0.05,0.05,1,0,0,0.5,0,0.021195686,0.145587384,0.074292652,-0.028944463,-0.035469405,-0.001917646,0.303620004,0.499098767,0.806108298,0.069474116
W.2025-11-01_233529.72d0fd76,/home/ayesha/SP-VAE-GCN/results/sweeps/losses/W.2025-11-01_233529.72d0fd76,0.436068654,500,60503,0.05,0.05,2,0.2,-0.1,0.5,0.001,0.021200173,0.145602792,0.07393871,-0.002301724,-0.018203124,0.001075682,0.304457517,0.496923833,0.804249592,0.067654504
W.2025-11-02_162142.a9983854,/home/ayesha/SP-VAE-GCN/results/sweeps/losses/W.2025-11-02_162142.a9983854,0.395977706,500,60503,0.05,0.05,2,0.05,-0.05,0.1,0.0001,0.021202928,0.145612254,0.07402324,0.031783913,0.019051686,0.008303807,0.304010706,0.496222759,0.803628788,0.065601295
W.2025-11-01_164232.65902f78,/home/ayesha/SP-VAE-GCN/results/sweeps/losses/W.2025-11-01_164232.65902f78,0.204637259,500,60503,0.05,0.05,2,0.1,0,0,0,0.021206265,0.14562371,0.073788557,0.048309907,0.04218616,0.017664737,0.303146616,0.494057043,0.801925992,0.063263357
W.2025-11-02_012341.278ccdbe,/home/ayesha/SP-VAE-GCN/results/sweeps/losses/W.2025-11-02_012341.278ccdbe,0.21810396,500,60503,0.1,0.05,0.5,0.2,0,0.1,0.001,0.021207667,0.145628524,0.073968539,0.055524739,-0.005740264,0.028233604,0.297711689,0.499448958,0.808177353,0.060639964
W.2025-11-02_173939.3170b406,/home/ayesha/SP-VAE-GCN/results/sweeps/losses/W.2025-11-02_173939.3170b406,0.293774068,500,60503,0.1,0.05,2,0.05,0,0,0.001,0.021210137,0.145637003,0.073222215,0.066729594,0.066802419,0.027135801,0.304566748,0.49069285,0.799468351,0.061437651
W.2025-11-02_054050.41d29589,/home/ayesha/SP-VAE-GCN/results/sweeps/losses/W.2025-11-02_054050.41d29589,0.474557579,500,60503,0.1,0.05,1,0,-0.05,0,0.0001,0.021212387,0.14564473,0.073120298,0.079018326,0.07814671,0.035609929,0.304316415,0.489472165,0.798780244,0.059851027
W.2025-11-02_165340.6036a721,/home/ayesha/SP-VAE-GCN/results/sweeps/losses/W.2025-11-02_165340.6036a721,0.505460143,500,60503,0.05,0.05,2,0.1,-0.1,0.5,0,0.021212865,0.145646371,0.07326177,0.099326635,0.018054587,0.065850006,0.305614806,0.489506002,0.79833342,0.054573174
W.2025-11-02_183320.84c7371c,/home/ayesha/SP-VAE-GCN/results/sweeps/losses/W.2025-11-02_183320.84c7371c,0.451927423,500,60503,0.2,0.01,1,0.2,0,0.1,0,0.021217932,0.145663765,0.073642431,0.028492757,0.032464849,0.011135065,0.300612004,0.49784592,0.806842571,0.066548582
W.2025-11-01_160009.98a412b3,/home/ayesha/SP-VAE-GCN/results/sweeps/losses/W.2025-11-01_160009.98a412b3,0.427182049,467,60503,0.2,0.001,0.5,0.1,0,0.1,0.0001,0.021218809,0.145666773,0.072280523,0.125084987,0.022783146,0.106278765,0.307239131,0.488483296,0.798157397,0.049835804
W.2025-11-01_163032.257eff06,/home/ayesha/SP-VAE-GCN/results/sweeps/losses/W.2025-11-01_163032.257eff06,0.124043494,500,60503,0.05,0.01,0.5,0.2,0,0,0.001,0.021221945,0.145677539,0.073705606,0.043390804,0.029611582,0.019853808,0.29959223,0.495363114,0.80350278,0.062727704
W.2025-11-02_023724.ca1b3e2b,/home/ayesha/SP-VAE-GCN/results/sweeps/losses/W.2025-11-02_023724.ca1b3e2b,0.196196824,500,60503,0.05,0.05,1,0,0,0,0,0.021223676,0.145683479,0.073698664,0.041882838,0.031442527,0.017506508,0.301168913,0.494997499,0.8029862,0.063125225
W.2025-11-02_015951.f83e7db1,/home/ayesha/SP-VAE-GCN/results/sweeps/losses/W.2025-11-02_015951.f83e7db1,0.480647981,500,60503,0.2,0.05,0,0,0,0.1,0.0001,0.02123286,0.145714995,0.073130904,0.078989717,0.037572329,0.042629667,0.299436381,0.496038404,0.806129884,0.058278569
W.2025-11-02_105402.78297e2d,/home/ayesha/SP-VAE-GCN/results/sweeps/losses/W.2025-11-02_105402.78297e2d,0.228812367,500,60503,0.05,0.05,1,0.2,0,0.1,0,0.021237028,0.145729296,0.073870602,-0.00133798,0.018263815,-0.000326,0.302382978,0.497067701,0.804409546,0.068494944
W.2025-11-02_140703.a79a6bab,/home/ayesha/SP-VAE-GCN/results/sweeps/losses/W.2025-11-02_140703.a79a6bab,0.415921271,500,60503,0.2,0.001,0.5,0.05,0,0.1,0,0.021242734,0.145748873,0.072640771,0.111322023,0.021188619,0.089791683,0.301531586,0.491844242,0.801925635,0.050718501
W.2025-11-02_010631.7fde2dc6,/home/ayesha/SP-VAE-GCN/results/sweeps/losses/W.2025-11-02_010631.7fde2dc6,0.428408742,500,60503,0.05,0.05,2,0.05,-0.05,0.5,0.0001,0.021242806,0.14574912,0.074111385,-0.045218506,-0.054726861,-0.005882778,0.304178029,0.498565893,0.805602912,0.070384543
W.2025-11-01_214933.bfc350df,/home/ayesha/SP-VAE-GCN/results/sweeps/losses/W.2025-11-01_214933.bfc350df,0.685559511,500,60503,0.2,0.05,1,0.2,-0.05,0.1,0.0001,0.021244037,0.145753343,0.073708287,0.032473517,0.022300653,0.013687803,0.297932716,0.499759055,0.808776438,0.065742907
W.2025-11-02_131313.6048c004,/home/ayesha/SP-VAE-GCN/results/sweeps/losses/W.2025-11-02_131313.6048c004,0.116693504,342,60503,0.05,0.001,1,0.1,0,0.1,0.001,0.021244729,0.145755718,0.073899998,0.021300466,0.052977794,0.006200682,0.300867553,0.495229437,0.802921752,0.065912088
W.2025-11-02_024741.de31dd94,/home/ayesha/SP-VAE-GCN/results/sweeps/losses/W.2025-11-02_024741.de31dd94,0.413171172,500,60503,0.1,0.05,1,0.2,-0.05,0.1,0.001,0.02125135,0.145778427,0.073837467,0.025886267,0.020849166,0.010298958,0.297872287,0.498614185,0.806869783,0.066202822
W.2025-11-02_013259.e3d8e00f,/home/ayesha/SP-VAE-GCN/results/sweeps/losses/W.2025-11-02_013259.e3d8e00f,0.128346011,500,60503,0.05,0.05,2,0.05,0,0.5,0.0001,0.021252891,0.145783714,0.074368129,-0.029594718,-0.038893865,-0.00226697,0.298266063,0.500370583,0.807229483,0.068326601
W.2025-11-02_170535.61c59bcb,/home/ayesha/SP-VAE-GCN/results/sweeps/losses/W.2025-11-02_170535.61c59bcb,0.362171799,500,60503,0.05,0.05,1,0,-0.05,0.1,0,0.021254904,0.145790616,0.074128309,0.013395772,0.023035396,0.005560013,0.297634169,0.499177682,0.806817396,0.066200729
W.2025-11-02_052239.a9ca24e7,/home/ayesha/SP-VAE-GCN/results/sweeps/losses/W.2025-11-02_052239.a9ca24e7,0.267837852,500,60503,0.1,0.01,1,0.2,0,0.1,0,0.021255805,0.145793706,0.074173566,0.033191373,0.012265658,0.014455095,0.296611301,0.499008829,0.807089279,0.06379379
W.2025-11-01_172930.df69811b,/home/ayesha/SP-VAE-GCN/results/sweeps/losses/W.2025-11-01_172930.df69811b,0.130353972,116,60503,0.05,0.001,2,0.2,0,0.5,0,0.021257383,0.145799118,0.073602097,0.036667163,0.002957951,0.006281525,0.303719886,0.494500184,0.802179133,0.065630776
W.2025-11-01_162741.648d7d67,/home/ayesha/SP-VAE-GCN/results/sweeps/losses/W.2025-11-01_162741.648d7d67,0.406199217,500,60503,0.1,0.05,1,0.05,-0.05,0.5,0.001,0.021257647,0.145800025,0.073691486,0.014202093,0.029005779,0.001981686,0.302638432,0.495304911,0.802951253,0.066539752
W.2025-11-02_020240.3a2a488d,/home/ayesha/SP-VAE-GCN/results/sweeps/losses/W.2025-11-02_020240.3a2a488d,0.525353014,500,60503,0.2,0.05,1,0.05,0,0.1,0.001,0.021262754,0.145817535,0.074013267,0.023586526,0.012527435,0.010021441,0.29641808,0.500580399,0.808855145,0.065992525
W.2025-11-02_073419.2b1eed4f,/home/ayesha/SP-VAE-GCN/results/sweeps/losses/W.2025-11-02_073419.2b1eed4f,0.562067211,500,60503,0.2,0.05,1,0.05,0,0.5,0.001,0.021264044,0.14582196,0.074121573,-0.003288788,-0.006054977,0.00053362,0.29879397,0.500002944,0.807360705,0.068511357
W.2025-11-01_183746.ba22d44b,/home/ayesha/SP-VAE-GCN/results/sweeps/losses/W.2025-11-01_183746.ba22d44b,0.463564396,407,60503,0.2,0.01,2,0.05,0,0.5,0.001,0.021269423,0.145840403,0.074119085,-0.01251794,-0.008357011,-0.001023018,0.299142795,0.499313393,0.806608774,0.068343957
W.2025-11-01_195336.b4de9e98,/home/ayesha/SP-VAE-GCN/results/sweeps/losses/W.2025-11-01_195336.b4de9e98,0.560979247,500,60503,0.2,0.05,1,0,0,0.5,0.0001,0.021269484,0.145840611,0.073747791,0.01107414,0.039487568,0.003364206,0.299366932,0.497494774,0.805339657,0.067424948
W.2025-11-01_211953.0801d826,/home/ayesha/SP-VAE-GCN/results/sweeps/losses/W.2025-11-01_211953.0801d826,0.529505849,500,60503,0.1,0.01,2,0.1,-0.1,0,0.001,0.021270973,0.145845718,0.065743079,0.278720941,0.252820649,0.240337929,0.385453777,0.421748219,0.731503556,0.039697082
W.2025-11-02_022835.51e0e8d9,/home/ayesha/SP-VAE-GCN/results/sweeps/losses/W.2025-11-02_022835.51e0e8d9,0.54634428,500,60503,0.05,0.05,2,0.2,-0.1,0.1,0.001,0.021274276,0.14585704,0.073838074,0.034572924,0.018319465,0.012644794,0.298842386,0.497235232,0.804912052,0.064068027
W.2025-11-02_010118.12094f7f,/home/ayesha/SP-VAE-GCN/results/sweeps/losses/W.2025-11-02_010118.12094f7f,0.312233567,500,60503,0.1,0.05,2,0.1,0,0,0.001,0.021281673,0.145882395,0.073933844,0.035902408,0.015349248,0.016903184,0.297529501,0.496851689,0.80441628,0.062720215
W.2025-11-02_002638.9ead963d,/home/ayesha/SP-VAE-GCN/results/sweeps/losses/W.2025-11-02_002638.9ead963d,0.449108869,500,60503,0.2,0.01,0.5,0.1,0,0.1,0,0.021298808,0.145941112,0.073405188,0.06049593,0.047593864,0.027495225,0.296512887,0.496520832,0.805717297,0.061165985
W.2025-11-01_170156.fc6d6bc0,/home/ayesha/SP-VAE-GCN/results/sweeps/losses/W.2025-11-01_170156.fc6d6bc0,0.27707091,201,60503,0.05,0.001,2,0.05,-0.05,0,0,0.021307774,0.145971825,0.07249421,0.061311302,0.070100888,0.019951477,0.304562191,0.488512599,0.797144591,0.061739862
W.2025-11-02_112059.020993bb,/home/ayesha/SP-VAE-GCN/results/sweeps/losses/W.2025-11-02_112059.020993bb,0.136560321,500,60503,0.05,0.01,0.5,0.2,0,0.1,0.001,0.021310144,0.145979945,0.0742174,-0.024072146,-0.021211331,-0.002394973,0.294648599,0.501409463,0.808507202,0.068840196
W.2025-11-02_011600.21e97062,/home/ayesha/SP-VAE-GCN/results/sweeps/losses/W.2025-11-02_011600.21e97062,0.638064682,500,60503,0.2,0.01,2,0.05,-0.05,0,0,0.021310797,0.14598218,0.072180041,0.106408817,0.122478615,0.063769017,0.306517939,0.481756574,0.79209672,0.055508509
W.2025-11-02_132854.b91380bf,/home/ayesha/SP-VAE-GCN/results/sweeps/losses/W.2025-11-02_132854.b91380bf,0.708761036,500,60503,0.2,0.05,2,0,-0.05,0.5,0.001,0.021311979,0.145986229,0.074171345,-0.025226248,-0.010819564,-0.00335914,0.295397473,0.499873588,0.806874077,0.067862036
W.2025-11-02_075628.1800fa7d,/home/ayesha/SP-VAE-GCN/results/sweeps/losses/W.2025-11-02_075628.1800fa7d,0.195443198,500,60503,0.05,0.05,0,0.1,0,0.1,0.0001,0.021314242,0.145993978,0.073853209,0.06319796,0.009990908,0.034782279,0.295182138,0.498412983,0.806645955,0.058545586
W.2025-11-02_165902.b75b90b9,/home/ayesha/SP-VAE-GCN/results/sweeps/losses/W.2025-11-02_165902.b75b90b9,0.127070978,500,60503,0.05,0.05,2,0.2,0,0,0,0.021320823,0.146016516,0.073679924,0.04766255,0.040523982,0.016978208,0.298570168,0.494356448,0.802119425,0.062177566
W.2025-11-01_180027.2f673e76,/home/ayesha/SP-VAE-GCN/results/sweeps/losses/W.2025-11-01_180027.2f673e76,0.522602022,500,60503,0.2,0.05,1,0.2,0,0.1,0,0.021327246,0.146038508,0.074148806,0.002986755,-0.000304254,0.004116803,0.292475783,0.502267543,0.81045493,0.067103592
W.2025-11-01_162644.e4edb0ea,/home/ayesha/SP-VAE-GCN/results/sweeps/losses/W.2025-11-01_162644.e4edb0ea,0.177316055,500,60503,0.05,0.05,1,0.1,0,0,0.0001,0.021327428,0.146039132,0.073595448,0.042953451,0.033102151,0.017250027,0.296464578,0.495614428,0.80368542,0.062269144
W.2025-11-02_015252.3cd9e75d,/home/ayesha/SP-VAE-GCN/results/sweeps/losses/W.2025-11-02_015252.3cd9e75d,0.564065993,500,60503,0.2,0.05,2,0.2,0,0.5,0.0001,0.021333028,0.146058303,0.074399759,-0.049003335,-0.043666615,-0.006844068,0.294614698,0.501391942,0.808011704,0.068731861
W.2025-11-02_033119.273006e4,/home/ayesha/SP-VAE-GCN/results/sweeps/losses/W.2025-11-02_033119.273006e4,0.586987138,500,60503,0.2,0.01,2,0,-0.05,0.5,0.0001,0.021335105,0.146065412,0.073845785,0.055150373,0.023046918,0.032547101,0.291193796,0.496206038,0.804492503,0.05820929
W.2025-11-02_172933.b016347a,/home/ayesha/SP-VAE-GCN/results/sweeps/losses/W.2025-11-02_172933.b016347a,0.692059517,500,60503,0.2,0.05,1,0,-0.05,0,0.0001,0.021339558,0.146080656,0.07313639,0.074167929,0.064522506,0.037986308,0.296245643,0.493746745,0.803628165,0.058550147
W.2025-11-01_203819.85883051,/home/ayesha/SP-VAE-GCN/results/sweeps/losses/W.2025-11-01_203819.85883051,0.413405061,417,60503,0.05,0.01,2,0.1,-0.1,0.1,0,0.021349166,0.146113539,0.071452827,0.137929898,0.103313057,0.099373625,0.318178495,0.474984285,0.783782535,0.051529899
W.2025-11-02_150549.4060b3d3,/home/ayesha/SP-VAE-GCN/results/sweeps/losses/W.2025-11-02_150549.4060b3d3,0.599407673,500,60503,0.2,0.05,1,0,-0.05,0.1,0.0001,0.021352001,0.14612324,0.073550485,0.074066155,0.018131977,0.049978324,0.2924359,0.497918338,0.807227094,0.056078237
W.2025-11-01_182414.50788a5f,/home/ayesha/SP-VAE-GCN/results/sweeps/losses/W.2025-11-01_182414.50788a5f,0.329208076,500,60503,0.05,0.05,2,0,-0.05,0,0,0.021368169,0.146178553,0.073167716,0.068542629,0.057228783,0.033581024,0.298986995,0.491504032,0.79993899,0.059093011
W.2025-11-02_042701.de467443,/home/ayesha/SP-VAE-GCN/results/sweeps/losses/W.2025-11-02_042701.de467443,0.734361351,500,60503,0.2,0.05,1,0.1,-0.05,0.1,0,0.021382075,0.146226108,0.074296848,0.008843869,-0.00875455,0.005327366,0.289462339,0.502807078,0.810454391,0.065674748
W.2025-11-01_155653.0e4c16f5,/home/ayesha/SP-VAE-GCN/results/sweeps/losses/W.2025-11-01_155653.0e4c16f5,0.523287833,500,60503,0.2,0.05,0,0.2,0,0.1,0.0001,0.021382668,0.146228136,0.073698933,0.076153,0.004567732,0.049720569,0.291268424,0.50168316,0.811107006,0.055839277
W.2025-11-02_055723.42e6c658,/home/ayesha/SP-VAE-GCN/results/sweeps/losses/W.2025-11-02_055723.42e6c658,0.116089687,449,60503,0.05,0.001,0.5,0.1,0,0.1,0.0001,0.02138364,0.146231462,0.07383859,-0.001510758,0.031084435,0.00079689,0.292087142,0.498289242,0.805479677,0.065423688
W.2025-11-02_111103.da2e5841,/home/ayesha/SP-VAE-GCN/results/sweeps/losses/W.2025-11-02_111103.da2e5841,0.233088687,500,60503,0.1,0.001,1,0.2,0,0.1,0,0.021387068,0.146243179,0.073280627,0.033964032,0.050275645,0.007453787,0.296020543,0.495037992,0.802815635,0.063908797
W.2025-11-02_110549.0e0ef61e,/home/ayesha/SP-VAE-GCN/results/sweeps/losses/W.2025-11-02_110549.0e0ef61e,0.583477795,500,60503,0.2,0.05,0,0,0,0.5,0.0001,0.021397427,0.146278593,0.073787698,-0.00611181,0.018443754,-0.001914413,0.292049198,0.500590524,0.808803265,0.067309601
W.2025-11-02_124715.8f52534a,/home/ayesha/SP-VAE-GCN/results/sweeps/losses/W.2025-11-02_124715.8f52534a,0.449492663,500,60503,0.2,0.05,1,0.1,0,0.5,0.0001,0.021400045,0.146287544,0.073906375,0.017683376,0.069978156,0.007280302,0.289997107,0.497861256,0.805740969,0.063571789
W.2025-11-02_180602.5d60cff6,/home/ayesha/SP-VAE-GCN/results/sweeps/losses/W.2025-11-02_180602.5d60cff6,0.226961985,500,60503,0.1,0.05,1,0.1,0,0.1,0.001,0.021409025,0.146318231,0.074192464,-0.015200574,-0.008927207,-0.001649824,0.288081333,0.502061008,0.809312987,0.066587103
W.2025-11-02_055342.93bc4cb3,/home/ayesha/SP-VAE-GCN/results/sweeps/losses/W.2025-11-02_055342.93bc4cb3,0.233763248,122,60503,0.1,0.001,2,0.1,0,0.5,0.0001,0.021410302,0.146322594,0.074257915,0.006241665,0.007814002,0.003187868,0.290518281,0.499298284,0.806074133,0.064311962
W.2025-11-02_173626.f62fe511,/home/ayesha/SP-VAE-GCN/results/sweeps/losses/W.2025-11-02_173626.f62fe511,0.120125778,500,60503,0.05,0.05,0.5,0.1,0,0.5,0.001,0.021420696,0.14635811,0.07351747,0.022464745,0.0301893,0.002742279,0.295295486,0.495455935,0.802718934,0.063488859
W.2025-11-02_180132.7280dd17,/home/ayesha/SP-VAE-GCN/results/sweeps/losses/W.2025-11-02_180132.7280dd17,0.38337341,500,60503,0.1,0.01,1,0.1,-0.05,0,0.001,0.021427894,0.146382696,0.073363788,0.063650105,0.032729219,0.051781304,0.287584539,0.496313859,0.805727824,0.05594855
W.2025-11-02_094134.a46e3632,/home/ayesha/SP-VAE-GCN/results/sweeps/losses/W.2025-11-02_094134.a46e3632,0.249417424,330,60503,0.1,0.001,2,0.2,0,0.5,0.001,0.021432696,0.1463991,0.074084422,0.001546359,-0.024937356,0.001225418,0.292206054,0.499017206,0.805775571,0.065795188
W.2025-11-02_115632.0788a08c,/home/ayesha/SP-VAE-GCN/results/sweeps/losses/W.2025-11-02_115632.0788a08c,0.238565907,212,60503,0.1,0.001,2,0,0,0.1,0,0.021435791,0.14640967,0.073993626,0.024810347,0.023112236,0.0091068,0.288576823,0.498596375,0.805900855,0.062746473
W.2025-11-01_222933.d139d9c5,/home/ayesha/SP-VAE-GCN/results/sweeps/losses/W.2025-11-01_222933.d139d9c5,0.115118645,500,60503,0.05,0.01,0.5,0.2,0,0.1,0,0.021440014,0.14642409,0.074594783,-0.015092195,-0.004101043,0.000534839,0.283496133,0.503283529,0.810218519,0.064488595
W.2025-11-02_033344.84420dbd,/home/ayesha/SP-VAE-GCN/results/sweeps/losses/W.2025-11-02_033344.84420dbd,0.273059577,319,60503,0.05,0.001,2,0.2,-0.05,0.1,0,0.021448095,0.146451683,0.073531536,0.088641761,0.051872835,0.047221821,0.303261764,0.491569472,0.799444134,0.057596835
W.2025-11-02_153654.6aeaa4ef,/home/ayesha/SP-VAE-GCN/results/sweeps/losses/W.2025-11-02_153654.6aeaa4ef,0.474329293,500,60503,0.2,0.05,0.5,0.2,0,0,0.0001,0.021452654,0.146467246,0.073928112,0.046722367,0.024771899,0.02773202,0.284821888,0.500750142,0.80920525,0.059419985
W.2025-11-02_065554.b32e9c7f,/home/ayesha/SP-VAE-GCN/results/sweeps/losses/W.2025-11-02_065554.b32e9c7f,0.501731038,442,60503,0.1,0.01,2,0.1,-0.1,0.1,0,0.021455278,0.146476204,0.071858104,0.111626795,0.068890765,0.112583443,0.303597557,0.481327517,0.791418321,0.049360988
W.2025-11-02_060614.21f0cdb0,/home/ayesha/SP-VAE-GCN/results/sweeps/losses/W.2025-11-02_060614.21f0cdb0,0.240127414,202,60503,0.1,0.001,2,0,0,0.5,0.001,0.021460299,0.146493342,0.074253093,-0.005209578,0.003810697,-0.000998456,0.288091898,0.50005703,0.806741532,0.064657964
W.2025-11-01_211753.07982baf,/home/ayesha/SP-VAE-GCN/results/sweeps/losses/W.2025-11-01_211753.07982baf,0.23743251,500,60503,0.1,0.05,1,0,0,0.1,0.001,0.021466133,0.146513252,0.074073652,-0.01423841,0.006094631,-0.002410441,0.28575994,0.5020167,0.809514909,0.066112329
W.2025-11-02_082344.08c4181c,/home/ayesha/SP-VAE-GCN/results/sweeps/losses/W.2025-11-02_082344.08c4181c,0.471633404,500,60503,0.2,0.05,1,0,0,0,0.001,0.021466473,0.146514412,0.073854923,0.039120224,0.024496052,0.01788858,0.287552683,0.500371169,0.808897804,0.061403879
W.2025-11-01_152909.b59666a3,/home/ayesha/SP-VAE-GCN/results/sweeps/losses/W.2025-11-01_152909.b59666a3,0.336100847,500,60503,0.05,0.05,1,0,-0.05,0.1,0.0001,0.021467647,0.146518419,0.074679134,-0.00950592,-0.027491457,0.002735269,0.280659088,0.505346848,0.811968306,0.0638566
W.2025-11-01_154845.019d72da,/home/ayesha/SP-VAE-GCN/results/sweeps/losses/W.2025-11-01_154845.019d72da,0.424922347,500,60503,0.2,0.01,0.5,0.2,0,0.1,0.001,0.021468096,0.146519952,0.073734577,0.07134712,0.001240226,0.051831045,0.286601913,0.499538359,0.808104825,0.054488741
W.2025-11-01_232954.6f11cbbc,/home/ayesha/SP-VAE-GCN/results/sweeps/losses/W.2025-11-01_232954.6f11cbbc,0.466840386,500,60503,0.2,0.01,0,0.05,0,0.1,0,0.021477036,0.146550457,0.073814285,0.051593507,0.01077727,0.037327676,0.283411925,0.503287171,0.812431739,0.057513305
W.2025-11-02_045933.71f25d9c,/home/ayesha/SP-VAE-GCN/results/sweeps/losses/W.2025-11-02_045933.71f25d9c,0.240497902,500,60503,0.1,0.01,0,0,0,0.1,0.001,0.021487969,0.146587751,0.074686702,-0.024521384,-0.053431062,-0.002284737,0.280030784,0.507869268,0.815228893,0.066814896
W.2025-11-02_173342.1f2b913a,/home/ayesha/SP-VAE-GCN/results/sweeps/losses/W.2025-11-02_173342.1f2b913a,0.806721985,500,60503,0.2,0.05,2,0,-0.1,0,0.001,0.021488494,0.146589542,0.073243962,0.068751532,0.05029427,0.042856279,0.291863271,0.493404465,0.802185162,0.057128349
W.2025-11-02_174408.b2edb3cf,/home/ayesha/SP-VAE-GCN/results/sweeps/losses/W.2025-11-02_174408.b2edb3cf,0.442228734,500,60503,0.2,0.01,0,0.1,0,0.1,0.0001,0.021490454,0.146596228,0.072062886,0.132986275,0.053764086,0.09271885,0.306821284,0.48819037,0.79893002,0.051149894
W.2025-11-01_215727.c4e77fd6,/home/ayesha/SP-VAE-GCN/results/sweeps/losses/W.2025-11-01_215727.c4e77fd6,0.695551753,500,60503,0.2,0.05,2,0,-0.05,0.5,0,0.021490793,0.146597384,0.074424223,-0.043681783,-0.03929388,-0.008902176,0.284125197,0.504497235,0.811161699,0.067080535
W.2025-11-01_221525.3b83b0eb,/home/ayesha/SP-VAE-GCN/results/sweeps/losses/W.2025-11-01_221525.3b83b0eb,0.246097967,500,60503,0.05,0.05,0.5,0.2,0,0.5,0.0001,0.021498539,0.146623801,0.074882459,-0.089998111,-0.109070202,-0.013184877,0.280797008,0.508080172,0.814687972,0.068895961
W.2025-11-02_110451.c3186f27,/home/ayesha/SP-VAE-GCN/results/sweeps/losses/W.2025-11-02_110451.c3186f27,0.363539785,500,60503,0.05,0.05,1,0.05,-0.05,0,0.0001,0.02150008,0.146629057,0.073773062,0.048613604,0.022328497,0.028802094,0.286017534,0.498654433,0.806570407,0.058555096
W.2025-11-02_161834.84143d00,/home/ayesha/SP-VAE-GCN/results/sweeps/losses/W.2025-11-02_161834.84143d00,0.578243315,500,60503,0.1,0.05,1,0.2,-0.1,0.5,0,0.021502752,0.146638169,0.074130808,0.007807862,0.03601483,0.003622559,0.284542819,0.499243491,0.80627936,0.062272628
W.2025-11-02_142356.0f0b7be6,/home/ayesha/SP-VAE-GCN/results/sweeps/losses/W.2025-11-02_142356.0f0b7be6,0.23452282,500,60503,0.1,0.001,1,0.1,0,0.5,0.001,0.021515997,0.146683321,0.073282075,0.053081232,0.002617272,0.020749454,0.29335787,0.493188455,0.800681766,0.061932657
W.2025-11-01_175757.c9fc48a5,/home/ayesha/SP-VAE-GCN/results/sweeps/losses/W.2025-11-01_175757.c9fc48a5,0.390203118,500,60503,0.1,0.05,2,0.1,-0.05,0.1,0.0001,0.021519723,0.146696024,0.074184865,-0.003204037,-0.006075264,0.000781198,0.282625266,0.503547898,0.810532296,0.06460479
W.2025-11-02_132208.d5900ad4,/home/ayesha/SP-VAE-GCN/results/sweeps/losses/W.2025-11-02_132208.d5900ad4,0.250934303,500,60503,0.1,0.01,0.5,0.05,0,0.1,0,0.021522431,0.146705251,0.074262029,0.014027723,0.042691068,0.006829542,0.282095992,0.501934138,0.809795556,0.062972696
W.2025-11-02_033745.dd811c03,/home/ayesha/SP-VAE-GCN/results/sweeps/losses/W.2025-11-02_033745.dd811c03,0.279649436,500,60503,0.1,0.05,0.5,0,0,0.1,0.001,0.021526742,0.146719943,0.074596914,-0.018779225,-0.020956539,-0.001435355,0.278528735,0.505719231,0.812629313,0.064971548
W.2025-11-01_222713.46f62eac,/home/ayesha/SP-VAE-GCN/results/sweeps/losses/W.2025-11-01_222713.46f62eac,0.429971159,500,60503,0.05,0.05,2,0.1,-0.1,0.5,0.0001,0.021528338,0.146725383,0.073763389,-0.0081346,0.043599662,-0.003042519,0.285029482,0.498406205,0.805522346,0.06446808
W.2025-11-01_204228.9ab4fcf9,/home/ayesha/SP-VAE-GCN/results/sweeps/losses/W.2025-11-01_204228.9ab4fcf9,0.258315831,500,60503,0.05,0.01,1,0.1,-0.05,0.1,0,0.02154705,0.146789134,0.073345607,0.053713379,0.046488588,0.019984465,0.290696196,0.495820584,0.804051771,0.059906276
W.2025-11-02_013714.cf0426f4,/home/ayesha/SP-VAE-GCN/results/sweeps/losses/W.2025-11-02_013714.cf0426f4,0.347304165,500,60503,0.05,0.05,0.5,0.1,-0.05,0.5,0.0001,0.021548833,0.146795209,0.07448337,-0.052751166,-0.041407756,-0.011516696,0.281644638,0.50374342,0.810095322,0.066146683
W.2025-11-02_085819.fbda9a0b,/home/ayesha/SP-VAE-GCN/results/sweeps/losses/W.2025-11-02_085819.fbda9a0b,0.229112878,500,60503,0.1,0.05,0,0,0,0.1,0,0.02155853,0.146828234,0.071361511,0.148921567,0.068152276,0.109856259,0.312917295,0.480627301,0.791328888,0.050675626
W.2025-11-02_045302.5f9499b4,/home/ayesha/SP-VAE-GCN/results/sweeps/losses/W.2025-11-02_045302.5f9499b4,0.426656902,454,60503,0.2,0.01,0.5,0.2,0,0,0.001,0.021562335,0.146841188,0.074215848,0.044388612,-0.004121894,0.033798511,0.277606573,0.50513998,0.813283232,0.057407426
W.2025-11-02_081040.73277c91,/home/ayesha/SP-VAE-GCN/results/sweeps/losses/W.2025-11-02_081040.73277c91,0.316147923,500,60503,0.1,0.05,0.5,0.05,0,0.5,0,0.021569087,0.14686418,0.074951584,-0.065570171,-0.064283708,-0.011478282,0.274939921,0.509360056,0.816264245,0.066955318
W.2025-11-02_001014.e57395e1,/home/ayesha/SP-VAE-GCN/results/sweeps/losses/W.2025-11-02_001014.e57395e1,0.446819603,500,60503,0.05,0.01,2,0.2,-0.1,0.1,0.001,0.021584791,0.146917632,0.072109368,0.125173209,0.125305113,0.053740477,0.308057939,0.481404565,0.790743175,0.054859726
W.2025-11-02_184547.74c40120,/home/ayesha/SP-VAE-GCN/results/sweeps/losses/W.2025-11-02_184547.74c40120,0.294378817,500,60503,0.05,0.05,2,0.05,-0.05,0.5,0.001,0.021606444,0.146991307,0.07430835,0.005117789,-0.01031845,0.00313208,0.279769686,0.502253436,0.808974335,0.061332201
W.2025-11-02_074505.2d038db8,/home/ayesha/SP-VAE-GCN/results/sweeps/losses/W.2025-11-02_074505.2d038db8,0.604523897,500,60503,0.1,0.05,2,0.1,-0.1,0.1,0,0.021611667,0.147009072,0.074041223,0.01794682,0.003904454,0.007075076,0.281076204,0.501991165,0.808951492,0.061567569
W.2025-11-02_022642.747e2246,/home/ayesha/SP-VAE-GCN/results/sweeps/losses/W.2025-11-02_022642.747e2246,0.446776658,500,60503,0.2,0.05,2,0.1,0,0,0.001,0.021615184,0.147021032,0.074387823,0.004047306,-0.004200235,0.005219929,0.277342926,0.504157368,0.810950179,0.06223357
W.2025-11-02_055459.b192a0ef,/home/ayesha/SP-VAE-GCN/results/sweeps/losses/W.2025-11-02_055459.b192a0ef,0.381120861,500,60503,0.1,0.05,2,0.05,-0.05,0.5,0.0001,0.021626192,0.147058464,0.073928779,0.024946369,0.004542899,0.011218368,0.279973492,0.499727157,0.80679657,0.060712444
W.2025-11-02_064710.ed11b05b,/home/ayesha/SP-VAE-GCN/results/sweeps/losses/W.2025-11-02_064710.ed11b05b,0.321687788,500,60503,0.05,0.05,1,0.1,-0.05,0,0.001,0.021630617,0.14707351,0.074257764,0.041477339,0.005961593,0.029192037,0.277286644,0.503028549,0.810409119,0.05744767
W.2025-11-02_085224.8d2ea559,/home/ayesha/SP-VAE-GCN/results/sweeps/losses/W.2025-11-02_085224.8d2ea559,0.234595522,164,60503,0.1,0.001,2,0.2,0,0.5,0.0001,0.021641106,0.147109165,0.073426822,0.066749025,0.043324462,0.023537854,0.294247056,0.492181618,0.799181723,0.059731778
W.2025-11-02_085000.5985032a,/home/ayesha/SP-VAE-GCN/results/sweeps/losses/W.2025-11-02_085000.5985032a,0.424232662,500,60503,0.1,0.05,0.5,0.05,-0.05,0.5,0.0001,0.0216475,0.147130893,0.074709935,-0.045498787,-0.028622524,-0.009752258,0.272392554,0.507667208,0.81420396,0.064741812
W.2025-11-01_174740.1b285368,/home/ayesha/SP-VAE-GCN/results/sweeps/losses/W.2025-11-01_174740.1b285368,0.642782271,500,60503,0.1,0.05,2,0.05,-0.1,0.5,0,0.02165446,0.147154543,0.073953294,0.005899602,0.02460379,6.68E-05,0.280275632,0.50005389,0.807096131,0.061712945
W.2025-11-01_231430.d840e684,/home/ayesha/SP-VAE-GCN/results/sweeps/losses/W.2025-11-01_231430.d840e684,0.449086547,500,60503,0.2,0.05,0.5,0,0,0,0,0.021679333,0.147239032,0.074128783,0.039686209,0.018162029,0.028115883,0.273232539,0.504815596,0.813297279,0.057664359
W.2025-11-02_172237.b6fae6d1,/home/ayesha/SP-VAE-GCN/results/sweeps/losses/W.2025-11-02_172237.b6fae6d1,0.137392178,437,60503,0.05,0.001,2,0,0,0.5,0,0.021682855,0.147250994,0.074416889,-0.004489991,0.007218194,0.00548345,0.277517048,0.500560152,0.806993044,0.063659861
W.2025-11-02_064404.7acb99f9,/home/ayesha/SP-VAE-GCN/results/sweeps/losses/W.2025-11-02_064404.7acb99f9,0.467111707,500,60503,0.2,0.05,0.5,0.2,0,0.5,0,0.021691465,0.147280227,0.074623248,-0.004511443,-0.001060252,0.001259152,0.271187597,0.505696954,0.812323817,0.06138723
W.2025-11-01_223128.11eaf972,/home/ayesha/SP-VAE-GCN/results/sweeps/losses/W.2025-11-01_223128.11eaf972,0.121859938,500,60503,0.05,0.05,2,0.2,0,0,0.0001,0.021734046,0.147424712,0.074970827,-0.023842547,-0.051086189,-0.003671986,0.268118548,0.50898019,0.814739083,0.062539493
W.2025-11-02_010309.ec4cf52b,/home/ayesha/SP-VAE-GCN/results/sweeps/losses/W.2025-11-02_010309.ec4cf52b,0.550144911,500,60503,0.1,0.01,2,0.1,-0.1,0.1,0.0001,0.021734719,0.147426996,0.073642785,0.04665881,0.035775604,0.019308473,0.280899838,0.499446785,0.807220461,0.058834825
W.2025-11-02_113143.e0c2150e,/home/ayesha/SP-VAE-GCN/results/sweeps/losses/W.2025-11-02_113143.e0c2150e,0.458596826,500,60503,0.2,0.01,2,0.05,0,0.5,0.0001,0.021736101,0.147431682,0.074009537,0.010969342,0.054378498,0.003946626,0.276467971,0.499820986,0.806787141,0.061191137
W.2025-11-02_101215.aeee455b,/home/ayesha/SP-VAE-GCN/results/sweeps/losses/W.2025-11-02_101215.aeee455b,0.449453533,500,60503,0.2,0.001,1,0.2,0,0.5,0.001,0.021742685,0.147454011,0.073655527,0.058580047,0.051552515,0.030872413,0.280866856,0.497451578,0.805587433,0.058061532
W.2025-11-02_050926.f6161f68,/home/ayesha/SP-VAE-GCN/results/sweeps/losses/W.2025-11-02_050926.f6161f68,0.574839592,500,60503,0.2,0.05,1,0.05,-0.05,0.1,0,0.021759312,0.147510378,0.073856202,0.037583289,0.028411338,0.020273822,0.273514544,0.502855297,0.81083143,0.057948001
W.2025-11-02_032538.a3ffb591,/home/ayesha/SP-VAE-GCN/results/sweeps/losses/W.2025-11-02_032538.a3ffb591,0.598115861,500,60503,0.1,0.05,2,0.05,-0.1,0.1,0,0.021760498,0.1475144,0.074141798,-0.004310601,-0.004282189,-0.001542008,0.271936698,0.505532554,0.812476324,0.062399914
W.2025-11-02_170746.08c68864,/home/ayesha/SP-VAE-GCN/results/sweeps/losses/W.2025-11-02_170746.08c68864,0.519781113,500,60503,0.2,0.05,1,0.2,0,0.5,0.001,0.021816168,0.147702973,0.074155957,0.005554428,0.018740306,0.002363613,0.270151164,0.502914119,0.809286392,0.060140072
W.2025-11-02_042019.36cbd19f,/home/ayesha/SP-VAE-GCN/results/sweeps/losses/W.2025-11-02_042019.36cbd19f,0.752823412,500,60503,0.2,0.05,2,0.1,-0.1,0.5,0.001,0.021831421,0.147754596,0.075050941,-0.070087884,-0.074532235,-0.016909873,0.259829666,0.512118488,0.817911028,0.065175804
W.2025-11-02_000241.24bb5bfb,/home/ayesha/SP-VAE-GCN/results/sweeps/losses/W.2025-11-02_000241.24bb5bfb,0.598250389,500,60503,0.2,0.01,2,0,-0.05,0.5,0,0.021832787,0.147759218,0.073970073,0.02517344,0.027479231,0.011290249,0.271953741,0.499915929,0.806514554,0.058046681
W.2025-11-02_151924.974a61fc,/home/ayesha/SP-VAE-GCN/results/sweeps/losses/W.2025-11-02_151924.974a61fc,0.259729445,500,60503,0.05,0.01,1,0.2,-0.05,0,0.0001,0.021851856,0.147823734,0.072613391,0.09380209,0.078642966,0.086714474,0.28442218,0.488358145,0.797955904,0.049262477
W.2025-11-02_181429.dffba7e2,/home/ayesha/SP-VAE-GCN/results/sweeps/losses/W.2025-11-02_181429.dffba7e2,0.116675265,500,60503,0.05,0.001,0.5,0,0,0.1,0,0.021853826,0.147830396,0.074278353,-0.013330276,-0.065628472,-0.003416426,0.268114727,0.506612585,0.812666489,0.061308604
W.2025-11-02_112645.a3de06d8,/home/ayesha/SP-VAE-GCN/results/sweeps/losses/W.2025-11-02_112645.a3de06d8,0.444696248,357,60503,0.2,0.001,2,0.2,0,0.5,0,0.021857087,0.147841425,0.075012309,-0.021599055,-0.011039622,-0.000348964,0.258809535,0.508511191,0.814484379,0.060149099
W.2025-11-02_092654.05ca57aa,/home/ayesha/SP-VAE-GCN/results/sweeps/losses/W.2025-11-02_092654.05ca57aa,0.374723136,500,60503,0.1,0.05,1,0.2,-0.05,0,0,0.021857278,0.147842073,0.073932766,0.043290546,0.038082568,0.024708262,0.271526717,0.501672788,0.809442962,0.056555142
W.2025-11-02_002854.fa9e6c67,/home/ayesha/SP-VAE-GCN/results/sweeps/losses/W.2025-11-02_002854.fa9e6c67,0.260566384,500,60503,0.05,0.05,0.5,0.05,-0.05,0.1,0.001,0.021941341,0.148126099,0.073195818,0.07897062,0.059566189,0.048783379,0.27822861,0.496307272,0.805282097,0.051852279
W.2025-11-02_114436.f939d7eb,/home/ayesha/SP-VAE-GCN/results/sweeps/losses/W.2025-11-02_114436.f939d7eb,0.375294507,500,60503,0.05,0.05,0.5,0.05,-0.05,0,0.0001,0.021947033,0.148145309,0.070561481,0.150727702,0.070045872,0.155768871,0.305731972,0.48128358,0.791290793,0.042205928
W.2025-11-02_160016.4a9356d4,/home/ayesha/SP-VAE-GCN/results/sweeps/losses/W.2025-11-02_160016.4a9356d4,0.290368587,500,60503,0.05,0.05,1,0,-0.05,0,0.001,0.021949075,0.148152204,0.073743747,0.046961764,0.036842565,0.024481198,0.273386307,0.500528751,0.808178478,0.056618656
W.2025-11-02_030303.cb5de56a,/home/ayesha/SP-VAE-GCN/results/sweeps/losses/W.2025-11-02_030303.cb5de56a,0.1230525,500,60503,0.05,0.001,1,0,0,0.5,0,0.021960314,0.148190129,0.073473744,0.064107472,0.109589201,0.028160261,0.278493984,0.49145419,0.79884232,0.058317478
W.2025-11-01_233731.25a7ea39,/home/ayesha/SP-VAE-GCN/results/sweeps/losses/W.2025-11-01_233731.25a7ea39,0.453481853,430,60503,0.2,0.001,2,0,0,0.5,0.0001,0.021967687,0.148215003,0.074611989,-0.010176259,0.044391745,-0.001368691,0.257907509,0.506219746,0.812638611,0.059525109
W.2025-11-02_183022.4e4bb598,/home/ayesha/SP-VAE-GCN/results/sweeps/losses/W.2025-11-02_183022.4e4bb598,0.444492161,500,60503,0.2,0.05,2,0.1,0,0.5,0,0.021989344,0.148288043,0.075252411,-0.044927881,-0.016645492,-0.011963409,0.25226016,0.511356352,0.816610493,0.060850872
W.2025-11-02_072036.ccf07141,/home/ayesha/SP-VAE-GCN/results/sweeps/losses/W.2025-11-02_072036.ccf07141,0.536891401,500,60503,0.1,0.05,2,0.2,-0.1,0.1,0.001,0.021997073,0.148314102,0.075023304,-0.025495944,-0.020289049,-0.005412168,0.25377985,0.511787362,0.817612297,0.060443337
W.2025-11-01_161828.52c29f53,/home/ayesha/SP-VAE-GCN/results/sweeps/losses/W.2025-11-01_161828.52c29f53,0.598319054,500,60503,0.2,0.05,0.5,0.2,0,0.5,0.001,0.022004036,0.148337576,0.074456513,-0.009462218,-0.038141835,-0.004186319,0.262189834,0.508138923,0.814641018,0.061119494
W.2025-11-02_012016.742636d8,/home/ayesha/SP-VAE-GCN/results/sweeps/losses/W.2025-11-02_012016.742636d8,0.221982524,500,60503,0.1,0.001,0.5,0.2,0,0.1,0.0001,0.022028984,0.148421642,0.074558408,0.012768206,0.009303584,0.010160892,0.259537206,0.507826653,0.814834639,0.057231107
W.2025-11-01_235809.053e3ce6,/home/ayesha/SP-VAE-GCN/results/sweeps/losses/W.2025-11-01_235809.053e3ce6,0.450896055,379,60503,0.2,0.001,1,0,0,0.5,0.001,0.022044906,0.148475271,0.073211216,0.072584811,0.036380705,0.039214447,0.278005268,0.49403937,0.801368119,0.055411981
W.2025-11-02_175729.8ea4d20a,/home/ayesha/SP-VAE-GCN/results/sweeps/losses/W.2025-11-02_175729.8ea4d20a,0.267971367,329,60503,0.05,0.001,2,0.2,-0.05,0.5,0.001,0.022056715,0.148515032,0.072911316,0.075856058,0.093108817,0.035292465,0.28409672,0.489474808,0.797088059,0.05633451
W.2025-11-02_062824.1ad27902,/home/ayesha/SP-VAE-GCN/results/sweeps/losses/W.2025-11-02_062824.1ad27902,0.273070753,500,60503,0.05,0.05,2,0.2,-0.05,0,0.001,0.022061994,0.148532806,0.074561058,-0.006957777,-0.0053887,0.001267009,0.257830465,0.508155387,0.81432341,0.059111408
W.2025-11-02_153846.859b8a24,/home/ayesha/SP-VAE-GCN/results/sweeps/losses/W.2025-11-02_153846.859b8a24,0.523277164,500,60503,0.1,0.05,2,0.1,-0.1,0.5,0.001,0.022062863,0.148535728,0.073928233,0.004059164,0.015411858,-5.87E-05,0.261921229,0.502691711,0.808758133,0.058177716
W.2025-11-02_124619.4ba8a4ed,/home/ayesha/SP-VAE-GCN/results/sweeps/losses/W.2025-11-02_124619.4ba8a4ed,0.289191842,500,60503,0.05,0.05,0,0.2,0,0,0,0.022064731,0.148542016,0.07381254,0.079123704,0.010435922,0.065268669,0.267443763,0.507252913,0.815912237,0.049232798
W.2025-11-02_073219.a8cc0443,/home/ayesha/SP-VAE-GCN/results/sweeps/losses/W.2025-11-02_073219.a8cc0443,0.340376019,500,60503,0.05,0.05,0,0.1,-0.05,0.1,0.001,0.022080538,0.148595214,0.075056675,-0.026351211,-0.046094368,-0.007334196,0.248808267,0.517121221,0.824196398,0.063091697
W.2025-11-02_075024.d0a17af8,/home/ayesha/SP-VAE-GCN/results/sweeps/losses/W.2025-11-02_075024.d0a17af8,0.502160192,500,60503,0.1,0.05,0.5,0.2,-0.05,0,0.001,0.022128494,0.148756491,0.073450597,0.09065866,0.028068646,0.081980326,0.272212443,0.505259024,0.815436693,0.047785447
W.2025-11-02_172120.c7d26d20,/home/ayesha/SP-VAE-GCN/results/sweeps/losses/W.2025-11-02_172120.c7d26d20,0.380051255,500,60503,0.1,0.01,1,0.05,-0.05,0,0.001,0.022156017,0.148848974,0.07212948,0.109559601,0.10129085,0.079567836,0.290027952,0.486696879,0.796731187,0.049667452
W.2025-11-02_023820.5fe43a1f,/home/ayesha/SP-VAE-GCN/results/sweeps/losses/W.2025-11-02_023820.5fe43a1f,0.458693206,239,60503,0.2,0.001,2,0.05,0,0.5,0.0001,0.022156067,0.148849141,0.075347038,-0.071480232,-0.049857156,-0.019775287,0.24394169,0.514516349,0.819050752,0.061107373
W.2025-11-02_115813.2ffccba1,/home/ayesha/SP-VAE-GCN/results/sweeps/losses/W.2025-11-02_115813.2ffccba1,0.116923451,500,60503,0.05,0.05,0.5,0.2,0,0.5,0,0.022161477,0.148867314,0.074162457,0.009646334,0.057181859,0.005620369,0.256029307,0.500988994,0.807532407,0.05708216
W.2025-11-02_011954.e9bad076,/home/ayesha/SP-VAE-GCN/results/sweeps/losses/W.2025-11-02_011954.e9bad076,0.114478797,399,60503,0.05,0.001,0.5,0.1,0,0.1,0,0.02218811,0.148956738,0.075684681,-0.087972667,-0.074747572,-0.024540132,0.239910772,0.517343338,0.821851697,0.062084015
W.2025-11-01_175516.48e27410,/home/ayesha/SP-VAE-GCN/results/sweeps/losses/W.2025-11-01_175516.48e27410,0.515203476,500,60503,0.05,0.05,1,0.2,-0.1,0.1,0.0001,0.022210955,0.149033403,0.07483809,-0.050529044,-0.040354218,-0.019250602,0.244090871,0.518579547,0.825013303,0.062931861
W.2025-11-01_153118.b6bfa877,/home/ayesha/SP-VAE-GCN/results/sweeps/losses/W.2025-11-01_153118.b6bfa877,0.429110378,500,60503,0.05,0.01,2,0,-0.1,0.1,0.001,0.022234046,0.149110851,0.072692572,0.092933808,0.090596755,0.059941347,0.285567679,0.491143126,0.800524708,0.051580107
W.2025-11-02_114656.d88ff8a2,/home/ayesha/SP-VAE-GCN/results/sweeps/losses/W.2025-11-02_114656.d88ff8a2,0.121164404,500,60503,0.05,0.01,0,0.05,0,0.5,0,0.022280249,0.149265699,0.075353418,-0.029629924,-0.031134863,-0.009352773,0.242547933,0.512736423,0.817581133,0.058296175
W.2025-11-02_013024.806f7a7a,/home/ayesha/SP-VAE-GCN/results/sweeps/losses/W.2025-11-02_013024.806f7a7a,0.453673512,500,60503,0.2,0.01,1,0.05,0,0.5,0.0001,0.022291338,0.14930284,0.074766825,0.001533404,0.004788065,0.002744434,0.25259805,0.507499925,0.813493136,0.059381346
W.2025-11-01_162356.4a994b5c,/home/ayesha/SP-VAE-GCN/results/sweeps/losses/W.2025-11-01_162356.4a994b5c,0.262649119,500,60503,0.05,0.05,1,0.2,-0.05,0,0,0.02230272,0.149340953,0.07433577,0.014107037,0.027568736,0.008121533,0.251834246,0.506797607,0.813146439,0.055829879
W.2025-11-02_130307.d56951fd,/home/ayesha/SP-VAE-GCN/results/sweeps/losses/W.2025-11-02_130307.d56951fd,0.453756452,500,60503,0.1,0.05,1,0,0,0.5,0,0.022325466,0.149417088,0.075095642,0.002627312,0.006485983,-0.003680587,0.261130592,0.507755874,0.813467058,0.063310237
W.2025-11-02_135643.71c1b38d,/home/ayesha/SP-VAE-GCN/results/sweeps/losses/W.2025-11-02_135643.71c1b38d,0.127313972,500,60503,0.05,0.01,0,0,0,0.5,0.001,0.0223418,0.149471737,0.074059338,0.024267879,0.027879748,0.010624906,0.260780114,0.500634707,0.806693194,0.05804933
W.2025-11-01_205939.0bfeb894,/home/ayesha/SP-VAE-GCN/results/sweeps/losses/W.2025-11-01_205939.0bfeb894,0.596241117,336,60503,0.2,0.01,2,0.05,-0.05,0.1,0.001,0.022348657,0.149494673,0.074867651,-0.003219964,0.003759756,-0.000456696,0.250979586,0.509897994,0.815477307,0.058039602
W.2025-11-02_071635.23b8656e,/home/ayesha/SP-VAE-GCN/results/sweeps/losses/W.2025-11-02_071635.23b8656e,0.405057192,500,60503,0.1,0.05,0.5,0.05,-0.05,0.1,0.001,0.022357575,0.149524497,0.071269895,0.14344829,0.062336999,0.146009136,0.295833761,0.485346259,0.792934874,0.042107574
W.2025-11-02_123226.3c4794cb,/home/ayesha/SP-VAE-GCN/results/sweeps/losses/W.2025-11-02_123226.3c4794cb,0.225181952,500,60503,0.1,0.05,0,0.05,0,0.1,0,0.022360281,0.149533546,0.075429118,-0.0275878,0.000619962,-0.006208876,0.235139489,0.517033298,0.823101689,0.057175973
W.2025-11-02_174828.aec86f7c,/home/ayesha/SP-VAE-GCN/results/sweeps/losses/W.2025-11-02_174828.aec86f7c,0.130492195,296,60503,0.05,0.001,1,0.2,0,0.5,0,0.022395556,0.149651448,0.074710131,0.001886696,-0.035323291,-0.003885597,0.251149894,0.50625947,0.811286991,0.06025369
W.2025-11-01_232659.17fb345a,/home/ayesha/SP-VAE-GCN/results/sweeps/losses/W.2025-11-01_232659.17fb345a,0.600201249,500,60503,0.2,0.05,1,0.1,-0.05,0.5,0.001,0.022413261,0.14971059,0.075319838,-0.015388561,-0.023093405,0.001326139,0.239737403,0.512495204,0.817691768,0.05607282
W.2025-11-01_170248.fa6dc2c7,/home/ayesha/SP-VAE-GCN/results/sweeps/losses/W.2025-11-01_170248.fa6dc2c7,0.261401594,500,60503,0.05,0.01,1,0.05,-0.05,0.1,0.0001,0.022436286,0.149787468,0.075885569,-0.063828103,-0.053564148,-0.020092809,0.229940497,0.51952564,0.823532772,0.059047615
W.2025-11-02_024428.7af4eeb9,/home/ayesha/SP-VAE-GCN/results/sweeps/losses/W.2025-11-02_024428.7af4eeb9,0.587296069,500,60503,0.2,0.05,2,0,-0.05,0,0.001,0.02244905,0.149830071,0.075808271,-0.031189952,-0.046181309,-0.006306314,0.23201772,0.521600746,0.826158448,0.057278083
W.2025-11-02_154831.177a0921,/home/ayesha/SP-VAE-GCN/results/sweeps/losses/W.2025-11-02_154831.177a0921,0.367331982,500,60503,0.1,0.05,1,0.05,-0.05,0,0,0.022484843,0.149949469,0.075592394,-0.006620097,-0.042722981,0.007298135,0.236742268,0.520642417,0.825930517,0.055184396
W.2025-11-02_102317.f086d165,/home/ayesha/SP-VAE-GCN/results/sweeps/losses/W.2025-11-02_102317.f086d165,0.269915283,259,60503,0.05,0.001,2,0.05,-0.05,0.1,0.001,0.02248586,0.149952858,0.072597914,0.085907006,0.115410481,0.036743279,0.285838894,0.488444285,0.794992321,0.055443362
W.2025-11-01_185628.2ab130cd,/home/ayesha/SP-VAE-GCN/results/sweeps/losses/W.2025-11-01_185628.2ab130cd,0.858683228,500,60503,0.2,0.05,1,0.2,-0.1,0.1,0,0.022493271,0.149977567,0.075725419,0.000330397,-0.031224066,0.013686693,0.232159214,0.532384741,0.839049075,0.05587653
W.2025-11-02_123943.61a715d0,/home/ayesha/SP-VAE-GCN/results/sweeps/losses/W.2025-11-02_123943.61a715d0,0.43965441,500,60503,0.2,0.01,0,0.2,0,0.1,0,0.022495715,0.149985717,0.072217754,0.124957713,0.041758721,0.105487932,0.284959899,0.495727875,0.805857389,0.044459592
W.2025-11-02_060059.93f5f3c1,/home/ayesha/SP-VAE-GCN/results/sweeps/losses/W.2025-11-02_060059.93f5f3c1,0.763085723,500,60503,0.2,0.01,2,0.05,-0.1,0,0.001,0.022545308,0.150150949,0.073726001,0.077684153,0.062356718,0.049261483,0.265775237,0.500954883,0.808883321,0.050424918
W.2025-11-02_182235.651753d9,/home/ayesha/SP-VAE-GCN/results/sweeps/losses/W.2025-11-02_182235.651753d9,0.734109282,500,60503,0.2,0.01,2,0,-0.1,0.1,0.0001,0.022549272,0.150164149,0.074285999,0.020684729,0.036395103,0.020559967,0.251733573,0.507612261,0.814502832,0.055348714
W.2025-11-02_142824.8d00557a,/home/ayesha/SP-VAE-GCN/results/sweeps/losses/W.2025-11-02_142824.8d00557a,0.218349472,500,60503,0.1,0.001,0.5,0,0,0.1,0.001,0.022615945,0.150385988,0.075631086,-0.032747863,-0.033460105,-0.00676386,0.231417042,0.517158302,0.822207123,0.058139627
W.2025-11-01_234649.93052fb9,/home/ayesha/SP-VAE-GCN/results/sweeps/losses/W.2025-11-01_234649.93052fb9,0.416436315,500,60503,0.05,0.05,2,0.05,-0.1,0,0.0001,0.02265802,0.150525811,0.07506041,-0.006325043,-0.00542771,0.001771231,0.237566829,0.51445554,0.81931073,0.055230709
W.2025-11-01_183202.5c2df679,/home/ayesha/SP-VAE-GCN/results/sweeps/losses/W.2025-11-01_183202.5c2df679,0.125187248,500,60503,0.05,0.01,0,0.2,0,0,0,0.022700134,0.150665636,0.074636745,0.054018919,0.005816372,0.053173451,0.24322217,0.517545867,0.825103926,0.047578746
W.2025-11-01_215138.d07f2574,/home/ayesha/SP-VAE-GCN/results/sweeps/losses/W.2025-11-01_215138.d07f2574,0.170098037,500,60503,0.05,0.01,1,0.2,0,0.5,0.001,0.022701495,0.150670152,0.075029228,0.005526294,-0.005366139,0.000432939,0.255228422,0.507890729,0.81296878,0.061206481
W.2025-11-02_011656.9152fb50,/home/ayesha/SP-VAE-GCN/results/sweeps/losses/W.2025-11-02_011656.9152fb50,0.26640895,500,60503,0.05,0.01,1,0,-0.05,0.1,0,0.022705413,0.150683154,0.074414083,0.006319803,0.040152723,0.001058175,0.245573962,0.507647311,0.813303956,0.055389163
W.2025-11-02_043339.c97cf694,/home/ayesha/SP-VAE-GCN/results/sweeps/losses/W.2025-11-02_043339.c97cf694,0.49608013,500,60503,0.2,0.01,2,0,0,0.5,0.0001,0.022718821,0.150727639,0.075101264,-0.022248525,0.024183096,-0.009218116,0.240173194,0.509340266,0.814234378,0.060068188
W.2025-11-02_141636.da94b52a,/home/ayesha/SP-VAE-GCN/results/sweeps/losses/W.2025-11-02_141636.da94b52a,0.58434391,500,60503,0.2,0.05,1,0,-0.05,0,0,0.022734126,0.150778399,0.07497169,0.028731234,-0.007210488,0.034127908,0.238795529,0.51660886,0.823075445,0.05005364
W.2025-11-02_003235.74678030,/home/ayesha/SP-VAE-GCN/results/sweeps/losses/W.2025-11-02_003235.74678030,0.674614787,500,60503,0.2,0.05,1,0.05,-0.1,0.1,0,0.022744374,0.150812381,0.071253304,0.145926158,0.069069124,0.130428262,0.292100419,0.485542745,0.794816026,0.041578792
W.2025-11-02_173323.55a07bdf,/home/ayesha/SP-VAE-GCN/results/sweeps/losses/W.2025-11-02_173323.55a07bdf,0.448872358,500,60503,0.05,0.05,1,0,-0.1,0.1,0,0.022794765,0.150979355,0.074547548,0.044495345,0.036782438,0.02937621,0.245628989,0.511087666,0.8188276,0.050395278
W.2025-11-02_181942.e3287d46,/home/ayesha/SP-VAE-GCN/results/sweeps/losses/W.2025-11-02_181942.e3287d46,0.382732868,257,60503,0.1,0.001,2,0,-0.05,0.5,0,0.022802235,0.151004091,0.074236259,0.019018633,0.061152142,0.002678635,0.24912214,0.500578142,0.804973202,0.058375496
W.2025-11-02_145212.79bef272,/home/ayesha/SP-VAE-GCN/results/sweeps/losses/W.2025-11-02_145212.79bef272,0.767245173,500,60503,0.2,0.05,2,0.05,-0.1,0.1,0.001,0.022834196,0.151109882,0.075982065,-0.033806349,-0.048249004,-0.011120189,0.222519272,0.525806735,0.830625878,0.056094972
W.2025-11-02_163615.2051c7d5,/home/ayesha/SP-VAE-GCN/results/sweeps/losses/W.2025-11-02_163615.2051c7d5,0.864015162,500,60503,0.2,0.05,1,0,-0.1,0.1,0.001,0.022848628,0.151157628,0.074275775,0.026314989,0.050186499,0.011297951,0.240222949,0.513795128,0.820398252,0.054323989
W.2025-11-01_224915.098362e7,/home/ayesha/SP-VAE-GCN/results/sweeps/losses/W.2025-11-01_224915.098362e7,0.466352969,500,60503,0.1,0.05,0.5,0.05,-0.05,0,0.0001,0.022911295,0.151364774,0.073453962,0.089138863,0.049056636,0.074987554,0.257607096,0.507058751,0.816350109,0.04436953
W.2025-11-02_100045.7812518e,/home/ayesha/SP-VAE-GCN/results/sweeps/losses/W.2025-11-02_100045.7812518e,0.213494405,500,60503,0.1,0.05,0,0.1,0,0.1,0,0.022958844,0.151521759,0.071795306,0.135568799,0.040536871,0.126159007,0.28084502,0.489331408,0.797244887,0.041347353
W.2025-11-01_184752.f13702a4,/home/ayesha/SP-VAE-GCN/results/sweeps/losses/W.2025-11-01_184752.f13702a4,0.426036656,500,60503,0.2,0.05,0,0.05,0,0.1,0.0001,0.022996382,0.15164558,0.072845036,0.123561651,-0.009100267,0.119412194,0.275067531,0.501363257,0.80875272,0.040983086
W.2025-11-02_014712.b75e9b87,/home/ayesha/SP-VAE-GCN/results/sweeps/losses/W.2025-11-02_014712.b75e9b87,0.48553443,500,60503,0.2,0.01,1,0,0,0.5,0.001,0.023018262,0.151717704,0.075511899,-0.025318096,-0.014662736,-0.012649577,0.230970777,0.515801599,0.820663458,0.058931915
W.2025-11-01_193551.7068fbfc,/home/ayesha/SP-VAE-GCN/results/sweeps/losses/W.2025-11-01_193551.7068fbfc,0.566813946,500,60503,0.2,0.01,1,0.2,-0.05,0.1,0.0001,0.023023146,0.1517338,0.075415106,-0.003113429,0.026106953,0.008197467,0.225319504,0.516324962,0.822460504,0.051811829
W.2025-11-01_185454.59e361dc,/home/ayesha/SP-VAE-GCN/results/sweeps/losses/W.2025-11-01_185454.59e361dc,0.381753206,158,60503,0.1,0.001,2,0.05,-0.05,0.5,0,0.023140414,0.152119736,0.074969245,-0.022515025,0.002933193,-0.014110545,0.221731119,0.513336204,0.81746944,0.054778594
W.2025-11-02_044810.cc80608a,/home/ayesha/SP-VAE-GCN/results/sweeps/losses/W.2025-11-02_044810.cc80608a,0.568838239,500,60503,0.2,0.01,1,0.05,-0.05,0.1,0,0.023146897,0.152141043,0.069535342,0.167185162,0.006698403,0.216815708,0.31288724,0.474407326,0.778167778,0.043798147
W.2025-11-02_133145.b2869d79,/home/ayesha/SP-VAE-GCN/results/sweeps/losses/W.2025-11-02_133145.b2869d79,0.732981324,500,60503,0.2,0.01,2,0.2,-0.1,0.5,0.0001,0.023185336,0.152267316,0.073900848,0.054093143,0.049056291,0.031810746,0.252190926,0.501293614,0.807227805,0.052101445
W.2025-11-02_164307.62cc7eb0,/home/ayesha/SP-VAE-GCN/results/sweeps/losses/W.2025-11-02_164307.62cc7eb0,0.54798466,500,60503,0.2,0.05,0,0.1,0,0,0.0001,0.023203096,0.152325624,0.07430755,0.071636884,0.025735742,0.068164979,0.241818218,0.518205173,0.825842577,0.044139786
W.2025-11-02_054657.38345b19,/home/ayesha/SP-VAE-GCN/results/sweeps/losses/W.2025-11-02_054657.38345b19,0.253291667,500,60503,0.05,0.01,1,0,-0.05,0.1,0.0001,0.023237037,0.152436992,0.074921008,0.006382076,-0.024170964,-0.001260161,0.229289583,0.514681784,0.818666155,0.053087531
W.2025-11-01_203201.8a206370,/home/ayesha/SP-VAE-GCN/results/sweeps/losses/W.2025-11-01_203201.8a206370,0.328912646,500,60503,0.05,0.05,0.5,0.05,-0.05,0,0.001,0.023255945,0.152498998,0.072105278,0.08841343,0.079051331,0.065901382,0.257470101,0.496255075,0.807504884,0.044884617
W.2025-11-02_022739.7329fd62,/home/ayesha/SP-VAE-GCN/results/sweeps/losses/W.2025-11-02_022739.7329fd62,0.21724163,500,60503,0.05,0.05,0,0.1,0,0,0.001,0.023316339,0.152696885,0.074137057,0.076739475,0.014376352,0.075359654,0.24159813,0.518583022,0.826659711,0.04242869
W.2025-11-02_180249.4ada74ed,/home/ayesha/SP-VAE-GCN/results/sweeps/losses/W.2025-11-02_180249.4ada74ed,0.104168862,500,60503,0.05,0.001,0,0.1,0,0,0.0001,0.023319865,0.152708431,0.073447885,0.10069096,0.029439719,0.098308425,0.25340244,0.514994956,0.823811764,0.039659583
W.2025-11-02_170617.3169c55d,/home/ayesha/SP-VAE-GCN/results/sweeps/losses/W.2025-11-02_170617.3169c55d,0.440204144,500,60503,0.2,0.01,0,0.2,0,0,0,0.023368755,0.152868425,0.073967001,0.089440544,0.009736447,0.091098173,0.246799238,0.518963841,0.826677668,0.040699283
W.2025-11-02_023052.62b6e007,/home/ayesha/SP-VAE-GCN/results/sweeps/losses/W.2025-11-02_023052.62b6e007,0.121113978,140,60503,0.05,0.001,1,0.05,0,0.5,0,0.023379435,0.152903351,0.076373128,-0.039520803,-0.047079421,-0.010554049,0.206784742,0.519753448,0.823454778,0.054580115
W.2025-11-01_225946.832f55ef,/home/ayesha/SP-VAE-GCN/results/sweeps/losses/W.2025-11-01_225946.832f55ef,0.107811868,500,60503,0.05,0.001,0,0.05,0,0,0.0001,0.023393667,0.152949883,0.074087981,0.084089702,0.000617561,0.082931305,0.245526158,0.519586791,0.82706568,0.041920338
W.2025-11-02_123547.a33b67c2,/home/ayesha/SP-VAE-GCN/results/sweeps/losses/W.2025-11-02_123547.a33b67c2,0.473035753,500,60503,0.2,0.01,0.5,0.2,0,0.5,0.0001,0.02340332,0.152981437,0.073743452,0.071491775,0.050973145,0.034327746,0.260269507,0.498920872,0.804354525,0.054561846
W.2025-11-01_223957.c18bede7,/home/ayesha/SP-VAE-GCN/results/sweeps/losses/W.2025-11-01_223957.c18bede7,0.358211488,500,60503,0.1,0.01,0.5,0.05,-0.05,0,0,0.02342455,0.153050809,0.07232983,0.118369564,0.005044289,0.140054092,0.26701058,0.508270506,0.81997203,0.038455599
W.2025-11-01_222248.f8369205,/home/ayesha/SP-VAE-GCN/results/sweeps/losses/W.2025-11-01_222248.f8369205,0.225613192,500,60503,0.1,0.01,1,0.1,0,0.5,0,0.023426565,0.15305739,0.075231776,-0.015199174,0.003199817,-0.008555033,0.217316181,0.513025583,0.816880898,0.055978777
W.2025-11-01_211427.99965a21,/home/ayesha/SP-VAE-GCN/results/sweeps/losses/W.2025-11-01_211427.99965a21,0.527865589,500,60503,0.2,0.05,0,0.2,0,0,0.0001,0.023447437,0.15312556,0.074460833,0.072399938,0.007283514,0.075803207,0.237080274,0.520710449,0.827832962,0.041350683
W.2025-11-02_015330.81e9246f,/home/ayesha/SP-VAE-GCN/results/sweeps/losses/W.2025-11-02_015330.81e9246f,0.261186302,500,60503,0.05,0.05,0.5,0.1,-0.05,0.5,0,0.023448496,0.153129016,0.076711865,-0.074993414,-0.11602257,-0.035899259,0.191612275,0.531326305,0.833112179,0.054273839
W.2025-11-02_092329.bd345fd4,/home/ayesha/SP-VAE-GCN/results/sweeps/losses/W.2025-11-02_092329.bd345fd4,0.590853572,337,60503,0.2,0.001,2,0,-0.05,0.5,0.0001,0.023465188,0.153183511,0.073907418,0.034712062,0.022430647,0.017553246,0.237173205,0.504266948,0.807852425,0.051050979
W.2025-11-02_112242.a104b1d5,/home/ayesha/SP-VAE-GCN/results/sweeps/losses/W.2025-11-02_112242.a104b1d5,0.150022268,500,60503,0.05,0.05,0,0.05,0,0,0.001,0.023494342,0.153278643,0.074370644,0.07271825,0.00993616,0.073147876,0.236336288,0.523802109,0.832908731,0.041986297
W.2025-11-02_124234.3cd69575,/home/ayesha/SP-VAE-GCN/results/sweeps/losses/W.2025-11-02_124234.3cd69575,0.126497552,249,60503,0.05,0.001,1,0.05,0,0.5,0.0001,0.023526298,0.153382847,0.076284486,-0.063663455,-0.033565863,-0.028306985,0.205674072,0.520809569,0.824303686,0.058607134
W.2025-11-02_181434.57f893fc,/home/ayesha/SP-VAE-GCN/results/sweeps/losses/W.2025-11-02_181434.57f893fc,0.227412224,167,60503,0.05,0.001,1,0.1,-0.05,0.1,0.001,0.023570987,0.153528455,0.069300755,0.177061971,0.077425355,0.210812706,0.304695867,0.468011049,0.771561264,0.040888195
W.2025-11-02_143518.792edd88,/home/ayesha/SP-VAE-GCN/results/sweeps/losses/W.2025-11-02_143518.792edd88,0.126215994,500,60503,0.05,0.01,0,0.05,0,0.1,0.001,0.023611644,0.153660807,0.070390452,0.169794407,0.092520099,0.161120037,0.307761079,0.475117632,0.781745017,0.046612881
W.2025-11-01_201909.c5ca9293,/home/ayesha/SP-VAE-GCN/results/sweeps/losses/W.2025-11-01_201909.c5ca9293,0.272412449,500,60503,0.1,0.05,0.5,0,0,0.5,0.0001,0.023632112,0.153727396,0.075993556,-0.051480552,0.004610718,-0.023255469,0.207118133,0.519542617,0.823528346,0.05726329
W.2025-11-02_171648.2e6eea6a,/home/ayesha/SP-VAE-GCN/results/sweeps/losses/W.2025-11-02_171648.2e6eea6a,0.501349688,170,60503,0.1,0.001,2,0.05,-0.1,0.1,0,0.023658822,0.153814247,0.072639773,0.083863272,0.118852033,0.041929719,0.252755992,0.492564764,0.797897161,0.046171899
W.2025-11-01_152140.7c13225b,/home/ayesha/SP-VAE-GCN/results/sweeps/losses/W.2025-11-01_152140.7c13225b,0.23175773,500,60503,0.1,0.01,0,0.05,0,0,0,0.023666364,0.153838759,0.07388688,0.094507082,0.003495104,0.092431329,0.245949701,0.521131097,0.829240118,0.039355453
W.2025-11-02_023225.eed2158a,/home/ayesha/SP-VAE-GCN/results/sweeps/losses/W.2025-11-02_023225.eed2158a,0.224479899,500,60503,0.05,0.05,0,0.05,0,0.1,0.0001,0.023677543,0.153875088,0.076094888,-0.029946275,-0.02886771,-0.013905033,0.210542778,0.526092046,0.830244947,0.054019644
W.2025-11-01_184023.c77aa10d,/home/ayesha/SP-VAE-GCN/results/sweeps/losses/W.2025-11-01_184023.c77aa10d,0.207742706,500,60503,0.1,0.01,0,0,0,0,0,0.023705442,0.153965718,0.073318688,0.09979043,0.023560636,0.099968506,0.249492059,0.513204469,0.822257637,0.038512207
W.2025-11-01_195932.7bbb6271,/home/ayesha/SP-VAE-GCN/results/sweeps/losses/W.2025-11-01_195932.7bbb6271,0.432174832,500,60503,0.2,0.01,0,0,0,0.1,0.001,0.023732285,0.154052864,0.071860661,0.143049611,0.025645538,0.138848382,0.284155068,0.49494418,0.802147209,0.041270313
W.2025-11-01_173146.46970b35,/home/ayesha/SP-VAE-GCN/results/sweeps/losses/W.2025-11-01_173146.46970b35,0.43790251,500,60503,0.2,0.001,0.5,0.05,0,0.5,0.0001,0.023737499,0.154069787,0.075709479,-0.013965091,0.00367964,-0.002900582,0.203501074,0.520736151,0.825876384,0.05116278
W.2025-11-02_041849.239f39ea,/home/ayesha/SP-VAE-GCN/results/sweeps/losses/W.2025-11-02_041849.239f39ea,0.400541872,180,60503,0.05,0.001,2,0.2,-0.1,0.1,0,0.023738399,0.154072708,0.076767215,-0.028089928,-0.017215811,-0.021126762,0.200247518,0.528788736,0.831428615,0.052342203
W.2025-11-01_165138.bb0b79ca,/home/ayesha/SP-VAE-GCN/results/sweeps/losses/W.2025-11-01_165138.bb0b79ca,0.430074513,500,60503,0.1,0.01,2,0.1,-0.05,0.5,0.0001,0.023750813,0.154112989,0.075619443,-0.0105946,-0.007348117,-0.012529152,0.22890913,0.516036835,0.81986111,0.058407227
W.2025-11-02_181321.7663c3fc,/home/ayesha/SP-VAE-GCN/results/sweeps/losses/W.2025-11-02_181321.7663c3fc,0.325344384,500,60503,0.1,0.05,0,0.05,0,0,0,0.023765167,0.15415955,0.074170194,0.09045729,0.019092565,0.090661834,0.241973491,0.523150565,0.830765114,0.039541309
W.2025-11-02_005808.df18f7e6,/home/ayesha/SP-VAE-GCN/results/sweeps/losses/W.2025-11-02_005808.df18f7e6,0.628107727,500,60503,0.2,0.05,0,0.05,0,0,0,0.02377787,0.154200745,0.075933154,0.012991682,-0.008470717,0.02308364,0.206056569,0.530629527,0.836190766,0.046062865
W.2025-11-02_030842.6319e549,/home/ayesha/SP-VAE-GCN/results/sweeps/losses/W.2025-11-02_030842.6319e549,0.369957119,500,60503,0.1,0.01,1,0.05,-0.05,0.5,0.0001,0.023836282,0.154390033,0.073636578,0.052263521,0.051751724,0.033154466,0.239940669,0.501931454,0.807385523,0.051499939
W.2025-11-02_002049.3608bb77,/home/ayesha/SP-VAE-GCN/results/sweeps/losses/W.2025-11-02_002049.3608bb77,0.436937988,500,60503,0.2,0.01,0,0.2,0,0.1,0.001,0.02386502,0.154483072,0.07636617,-0.019771493,-0.020309551,-0.008084309,0.198966735,0.531379596,0.835479213,0.049486547
W.2025-11-02_091543.cdc943c4,/home/ayesha/SP-VAE-GCN/results/sweeps/losses/W.2025-11-02_091543.cdc943c4,0.354683995,500,60503,0.1,0.01,1,0.2,-0.05,0.1,0,0.023889028,0.154560757,0.07593107,-0.017318839,-0.007297061,-0.004738093,0.208280225,0.522073667,0.825450879,0.050776186
W.2025-11-02_100738.488f9e08,/home/ayesha/SP-VAE-GCN/results/sweeps/losses/W.2025-11-02_100738.488f9e08,0.464368373,500,60503,0.1,0.05,0,0.1,0,0,0.001,0.023922807,0.154669994,0.074059708,0.090516789,-0.01642316,0.091548357,0.240252548,0.524041265,0.832004702,0.038354649
W.2025-11-01_231017.30d996e2,/home/ayesha/SP-VAE-GCN/results/sweeps/losses/W.2025-11-01_231017.30d996e2,0.882759094,500,60503,0.2,0.05,2,0,-0.1,0.5,0.0001,0.023959066,0.154787164,0.075865921,-0.004311303,0.050221689,-0.006494059,0.221693356,0.517840142,0.822221708,0.053380418
W.2025-11-01_221852.ad024343,/home/ayesha/SP-VAE-GCN/results/sweeps/losses/W.2025-11-01_221852.ad024343,0.119076304,500,60503,0.05,0.05,0,0,0,0.5,0.001,0.023970542,0.15482423,0.074087849,0.049192995,0.00834194,0.034738035,0.236093432,0.506758205,0.810583527,0.048565189
W.2025-11-01_190522.5685a941,/home/ayesha/SP-VAE-GCN/results/sweeps/losses/W.2025-11-01_190522.5685a941,0.481396198,500,60503,0.2,0.05,0,0.05,0,0,0.001,0.023973813,0.154834793,0.074189476,0.08507823,-0.010821948,0.086699516,0.238504974,0.521647503,0.829128392,0.039145492
W.2025-11-02_151825.ad678d86,/home/ayesha/SP-VAE-GCN/results/sweeps/losses/W.2025-11-02_151825.ad678d86,0.455345154,500,60503,0.2,0.01,0,0.1,0,0,0.0001,0.024074551,0.15515976,0.074377288,0.076716212,0.033069956,0.086271486,0.231838717,0.524724804,0.831351329,0.039032985
W.2025-11-02_063817.b35ab75a,/home/ayesha/SP-VAE-GCN/results/sweeps/losses/W.2025-11-02_063817.b35ab75a,0.233275384,500,60503,0.1,0.01,0,0,0,0,0.001,0.024077769,0.155170128,0.074179284,0.085295138,0.003054742,0.085125321,0.236137936,0.523732217,0.83112056,0.038710396
W.2025-11-01_205023.542dd12a,/home/ayesha/SP-VAE-GCN/results/sweeps/losses/W.2025-11-01_205023.542dd12a,0.437920153,500,60503,0.2,0.01,0,0,0,0,0.001,0.024105376,0.155259061,0.074435572,0.075748236,0.022161553,0.080388295,0.231762422,0.526335887,0.833651638,0.039996085
W.2025-11-02_031445.52e1b337,/home/ayesha/SP-VAE-GCN/results/sweeps/losses/W.2025-11-02_031445.52e1b337,0.206523076,500,60503,0.1,0.001,0,0.2,0,0,0.001,0.024122898,0.155315479,0.074151643,0.089344598,0.00426473,0.095392994,0.236117461,0.529204146,0.838075197,0.037638498
W.2025-11-02_025633.3073a45c,/home/ayesha/SP-VAE-GCN/results/sweeps/losses/W.2025-11-02_025633.3073a45c,0.257910579,500,60503,0.1,0.01,0.5,0.05,0,0.5,0.0001,0.02414339,0.155381435,0.074009815,0.074051031,0.050358978,0.028426781,0.255885991,0.501484688,0.806812189,0.053355446
W.2025-11-01_150405.720ff5bb,/home/ayesha/SP-VAE-GCN/results/sweeps/losses/W.2025-11-01_150405.720ff5bb,0.104739033,500,60503,0.05,0.001,0,0,0,0,0,0.024222843,0.155636893,0.073549035,0.099228278,0.022783156,0.111443174,0.24375375,0.522367679,0.830519994,0.037164093
W.2025-11-01_214247.f43673fa,/home/ayesha/SP-VAE-GCN/results/sweeps/losses/W.2025-11-01_214247.f43673fa,0.226098448,432,60503,0.1,0.01,0,0.05,0,0.5,0.001,0.024251337,0.155728406,0.075997543,-0.010587299,-0.077304781,-0.009278499,0.200007775,0.525501001,0.826970987,0.049062255
W.2025-11-02_183543.4821b500,/home/ayesha/SP-VAE-GCN/results/sweeps/losses/W.2025-11-02_183543.4821b500,0.257791787,500,60503,0.05,0.05,1,0,-0.05,0.5,0.0001,0.024340115,0.156013189,0.074073993,0.050674269,0.010741347,0.034909076,0.239185585,0.504696508,0.809036703,0.051588565
W.2025-11-02_073825.c01b2fee,/home/ayesha/SP-VAE-GCN/results/sweeps/losses/W.2025-11-02_073825.c01b2fee,0.16100508,500,60503,0.05,0.01,1,0.2,0,0.5,0.0001,0.024364447,0.15609115,0.076518576,-0.055107386,-0.016190915,-0.026253513,0.202140343,0.524177224,0.827133525,0.057759304
W.2025-11-02_121625.e73389c9,/home/ayesha/SP-VAE-GCN/results/sweeps/losses/W.2025-11-02_121625.e73389c9,0.369288713,500,60503,0.1,0.05,0.5,0.2,0,0.5,0.0001,0.024388145,0.156167043,0.074335398,0.040262027,0.047125981,0.013391563,0.24761753,0.504037097,0.807340132,0.056128976
W.2025-11-02_053057.8eb528e1,/home/ayesha/SP-VAE-GCN/results/sweeps/losses/W.2025-11-02_053057.8eb528e1,0.271219969,500,60503,0.05,0.05,0,0.2,0,0.5,0.001,0.024411037,0.156240319,0.074814685,0.017071261,0.016456788,0.009615539,0.229624381,0.510093488,0.813250836,0.05467402
W.2025-11-02_152539.c7330758,/home/ayesha/SP-VAE-GCN/results/sweeps/losses/W.2025-11-02_152539.c7330758,0.565494061,500,60503,0.2,0.01,0.5,0,-0.05,0.1,0.0001,0.024502764,0.156533586,0.070748599,0.147456828,0.008547196,0.182177804,0.283473437,0.4930996,0.798058688,0.039770812
W.2025-11-02_072618.052d4bfa,/home/ayesha/SP-VAE-GCN/results/sweeps/losses/W.2025-11-02_072618.052d4bfa,0.205117092,500,60503,0.1,0.001,0,0.1,0,0,0.0001,0.0245055,0.156542327,0.074213825,0.094076073,-0.001193314,0.100508085,0.235398992,0.531826853,0.840434285,0.036210012
W.2025-11-02_032758.87777619,/home/ayesha/SP-VAE-GCN/results/sweeps/losses/W.2025-11-02_032758.87777619,0.206762716,500,60503,0.1,0.001,0,0.05,0,0,0.001,0.024578015,0.156773769,0.074312149,0.085834217,0.0100699,0.095769682,0.232068436,0.530333161,0.837948458,0.036861603
W.2025-11-01_160312.5562fea8,/home/ayesha/SP-VAE-GCN/results/sweeps/losses/W.2025-11-01_160312.5562fea8,0.479756474,500,60503,0.2,0.01,1,0.1,0,0.5,0.0001,0.024580096,0.156780406,0.076638424,-0.047845971,-0.018035759,-0.02273731,0.190323627,0.526081788,0.8292953,0.054709376
W.2025-11-02_090805.224ee3a3,/home/ayesha/SP-VAE-GCN/results/sweeps/losses/W.2025-11-02_090805.224ee3a3,0.113825254,500,60503,0.05,0.01,0.5,0,0,0.5,0.0001,0.024600891,0.156846712,0.07668876,-0.0670799,-0.01120666,-0.035287403,0.173379103,0.526846945,0.829285914,0.054543101
W.2025-11-02_141159.6f80f919,/home/ayesha/SP-VAE-GCN/results/sweeps/losses/W.2025-11-02_141159.6f80f919,0.422982872,500,60503,0.1,0.01,1,0.05,-0.05,0.1,0.0001,0.02463221,0.15694652,0.074805145,0.040320059,0.08850941,0.012997348,0.232927157,0.50840058,0.813544284,0.052174524
W.2025-11-01_201104.8d3ae94e,/home/ayesha/SP-VAE-GCN/results/sweeps/losses/W.2025-11-01_201104.8d3ae94e,0.241155833,500,60503,0.05,0.01,1,0.1,-0.05,0.1,0.0001,0.024636597,0.156960496,0.075672439,-0.016572908,0.035690497,-0.007534901,0.196117149,0.52242142,0.825634284,0.048655182
W.2025-11-02_034921.77fc834e,/home/ayesha/SP-VAE-GCN/results/sweeps/losses/W.2025-11-02_034921.77fc834e,0.320488572,500,60503,0.05,0.05,0.5,0.1,0,0.5,0,0.024656051,0.157022453,0.076107548,-0.02586698,-0.014334831,-0.018729573,0.211635573,0.521623499,0.824302523,0.057003482
W.2025-11-02_044439.f43a85cb,/home/ayesha/SP-VAE-GCN/results/sweeps/losses/W.2025-11-02_044439.f43a85cb,0.293009996,500,60503,0.1,0.05,0,0.1,0,0.5,0.001,0.024725036,0.157241968,0.070451096,0.168962686,0.063640553,0.175800364,0.296698326,0.476937142,0.780444654,0.043705789
W.2025-11-01_150554.df9b1703,/home/ayesha/SP-VAE-GCN/results/sweeps/losses/W.2025-11-01_150554.df9b1703,0.105167329,500,60503,0.05,0.001,0,0,0,0,0.001,0.024825665,0.157561623,0.074012479,0.093828261,0.004622201,0.099062572,0.235706381,0.526706715,0.833987014,0.036671272
W.2025-11-02_115120.708090ca,/home/ayesha/SP-VAE-GCN/results/sweeps/losses/W.2025-11-02_115120.708090ca,0.267955959,211,60503,0.05,0.001,2,0.1,-0.05,0.5,0.0001,0.024845837,0.157625623,0.07648965,-0.05265964,0.000585518,-0.032659127,0.174393851,0.52840499,0.831015771,0.052176671
W.2025-11-02_041442.294380db,/home/ayesha/SP-VAE-GCN/results/sweeps/losses/W.2025-11-02_041442.294380db,0.122695334,500,60503,0.05,0.01,0.5,0.05,0,0.5,0.001,0.024846485,0.157627677,0.076062304,-0.027141738,0.020509704,-0.017627757,0.19344089,0.520545691,0.823070324,0.053725455
W.2025-11-02_125714.4bacdf5f,/home/ayesha/SP-VAE-GCN/results/sweeps/losses/W.2025-11-02_125714.4bacdf5f,0.561480641,280,60503,0.2,0.001,1,0.1,-0.05,0.1,0,0.02486633,0.157690614,0.076378129,-0.005101375,0.004720248,0.001386571,0.188211959,0.533006613,0.837447953,0.044951452
W.2025-11-01_150459.a6edd5e0,/home/ayesha/SP-VAE-GCN/results/sweeps/losses/W.2025-11-01_150459.a6edd5e0,0.103968501,500,60503,0.05,0.001,0,0,0,0,0.0001,0.02499744,0.158105787,0.074258952,0.091700222,-0.014290296,0.09926418,0.231430099,0.532289645,0.839046,0.035664264
W.2025-11-02_070859.9375b634,/home/ayesha/SP-VAE-GCN/results/sweeps/losses/W.2025-11-02_070859.9375b634,0.442348599,500,60503,0.2,0.001,0.5,0.1,0,0.5,0,0.025035451,0.15822595,0.076984904,-0.038118567,-0.039630508,-0.0232427,0.17325013,0.533640519,0.835317717,0.050195057
W.2025-11-02_014101.baa30af1,/home/ayesha/SP-VAE-GCN/results/sweeps/losses/W.2025-11-02_014101.baa30af1,0.357873857,500,60503,0.1,0.05,0.5,0,-0.05,0.5,0.001,0.025129152,0.158521772,0.07543687,0.009389809,0.042238578,0.007643455,0.190964553,0.519100688,0.821835433,0.045065848
W.2025-11-02_045550.99301d06,/home/ayesha/SP-VAE-GCN/results/sweeps/losses/W.2025-11-02_045550.99301d06,0.246879458,500,60503,0.05,0.01,1,0,-0.05,0.5,0.001,0.025172248,0.158657645,0.077072737,-0.063925206,-0.011396442,-0.034960366,0.162949461,0.53051313,0.832287116,0.052435684
W.2025-11-01_154351.a4665a24,/home/ayesha/SP-VAE-GCN/results/sweeps/losses/W.2025-11-01_154351.a4665a24,0.467238247,500,60503,0.2,0.01,0.5,0,0,0.5,0.001,0.02523721,0.158862237,0.076258818,-0.014703079,-0.014855416,-0.013649794,0.201200226,0.527092343,0.83050384,0.053286057
W.2025-11-01_175054.7139df4a,/home/ayesha/SP-VAE-GCN/results/sweeps/losses/W.2025-11-01_175054.7139df4a,0.552486956,193,60503,0.2,0.001,1,0,-0.05,0.1,0.001,0.025253979,0.158915005,0.073874034,0.064902066,0.057344081,0.041758788,0.223301389,0.511563774,0.814903349,0.041847864
W.2025-11-02_135550.8d96e8d8,/home/ayesha/SP-VAE-GCN/results/sweeps/losses/W.2025-11-02_135550.8d96e8d8,0.570622921,328,60503,0.2,0.001,2,0,-0.05,0,0.0001,0.025279837,0.158996344,0.071351543,0.135793968,0.152580859,0.152443574,0.261799388,0.486704607,0.794782645,0.03538907
W.2025-11-01_220401.bc82762f,/home/ayesha/SP-VAE-GCN/results/sweeps/losses/W.2025-11-01_220401.bc82762f,0.523364127,500,60503,0.2,0.001,2,0.2,-0.05,0,0,0.025285417,0.15901389,0.058177307,0.378395155,0.250605274,0.412059565,0.44247103,0.385723615,0.67602848,0.030836575
W.2025-11-01_234946.c45a3773,/home/ayesha/SP-VAE-GCN/results/sweeps/losses/W.2025-11-01_234946.c45a3773,0.2098791,500,60503,0.1,0.001,0,0.1,0,0.1,0.0001,0.025301979,0.159065958,0.071823708,0.148134381,-0.001296028,0.155315008,0.270159623,0.499175849,0.803823492,0.038262587
W.2025-11-02_010312.a395cab7,/home/ayesha/SP-VAE-GCN/results/sweeps/losses/W.2025-11-02_010312.a395cab7,0.264969498,500,60503,0.1,0.01,0.5,0,0,0.5,0.0001,0.025426131,0.159455734,0.076648879,-0.027835286,-0.016875985,-0.009524996,0.192329652,0.527400393,0.829508339,0.053410177
W.2025-11-02_153223.48be1455,/home/ayesha/SP-VAE-GCN/results/sweeps/losses/W.2025-11-02_153223.48be1455,0.534548283,500,60503,0.1,0.05,1,0.2,-0.05,0.5,0,0.025521822,0.159755507,0.077385823,-0.066962671,-0.057949019,-0.033448139,0.174647919,0.536770835,0.839020955,0.054326491
W.2025-11-01_172225.0b721846,/home/ayesha/SP-VAE-GCN/results/sweeps/losses/W.2025-11-01_172225.0b721846,0.492424667,500,60503,0.1,0.05,1,0.05,-0.1,0.5,0,0.025620361,0.160063614,0.077914918,-0.068953588,-0.083487112,-0.042768221,0.150181714,0.550333238,0.849240082,0.045802711
W.2025-11-02_025537.4eea5bb7,/home/ayesha/SP-VAE-GCN/results/sweeps/losses/W.2025-11-02_025537.4eea5bb7,0.205872357,500,60503,0.1,0.001,0,0,0,0,0.001,0.025622839,0.160071357,0.074181036,0.095438727,0.003702408,0.099283547,0.231697767,0.531664637,0.838934707,0.035613433
W.2025-11-02_104613.27709fe3,/home/ayesha/SP-VAE-GCN/results/sweeps/losses/W.2025-11-02_104613.27709fe3,0.236661583,500,60503,0.1,0.01,0,0.05,0,0.5,0.0001,0.025706232,0.16033163,0.075300872,0.033577015,0.005356385,0.017996751,0.211606155,0.516787239,0.819541688,0.048418376
W.2025-11-01_210418.db46e7be,/home/ayesha/SP-VAE-GCN/results/sweeps/losses/W.2025-11-01_210418.db46e7be,0.39057833,500,60503,0.05,0.05,1,0.1,-0.05,0.5,0,0.025839457,0.160746562,0.076011922,-0.013130025,-0.02819428,0.001495383,0.20139247,0.524362316,0.825923604,0.052718278
W.2025-11-02_014627.fafb3d56,/home/ayesha/SP-VAE-GCN/results/sweeps/losses/W.2025-11-02_014627.fafb3d56,0.473300248,500,60503,0.1,0.05,0.5,0.1,-0.05,0,0,0.025901901,0.160940675,0.073096068,0.095657371,0.063031081,0.125721244,0.227907477,0.523143601,0.829859176,0.033251092
W.2025-11-02_105606.b3125f48,/home/ayesha/SP-VAE-GCN/results/sweeps/losses/W.2025-11-02_105606.b3125f48,0.525567412,500,60503,0.1,0.05,1,0.05,-0.1,0,0.0001,0.025912281,0.160972921,0.068828021,0.184959281,0.105861942,0.218507252,0.299075415,0.472522935,0.774029924,0.035902585
W.2025-11-01_163129.f920386a,/home/ayesha/SP-VAE-GCN/results/sweeps/losses/W.2025-11-01_163129.f920386a,0.413493901,500,60503,0.2,0.001,0,0.05,0,0,0.001,0.025932546,0.161035852,0.074339134,0.100481679,-0.013450293,0.107037222,0.229633942,0.53954567,0.849553348,0.033655273
W.2025-11-02_112339.036f06ed,/home/ayesha/SP-VAE-GCN/results/sweeps/losses/W.2025-11-02_112339.036f06ed,0.53759861,500,60503,0.1,0.05,1,0.2,-0.1,0,0.001,0.026095698,0.161541628,0.072438265,0.101809485,0.079889549,0.105029529,0.23317623,0.509088804,0.820717307,0.034212135
W.2025-11-02_072959.b5f71375,/home/ayesha/SP-VAE-GCN/results/sweeps/losses/W.2025-11-02_072959.b5f71375,0.520677209,491,60503,0.2,0.001,2,0.2,-0.05,0,0.0001,0.026129809,0.161647174,0.057870653,0.36316699,0.272034738,0.413377895,0.429260862,0.384524498,0.666203082,0.030502775
W.2025-11-01_230742.a5f53e17,/home/ayesha/SP-VAE-GCN/results/sweeps/losses/W.2025-11-01_230742.a5f53e17,0.213744774,500,60503,0.1,0.001,0,0.2,0,0.1,0.001,0.026130887,0.161650509,0.074854762,0.074689994,-0.011706115,0.093894992,0.211723026,0.52894746,0.833332071,0.036400735
W.2025-11-02_125905.326421f8,/home/ayesha/SP-VAE-GCN/results/sweeps/losses/W.2025-11-02_125905.326421f8,0.234404042,500,60503,0.05,0.05,0,0.05,-0.05,0.5,0.001,0.02638124,0.162423027,0.074763212,0.036267993,0.011424844,0.013656227,0.196520306,0.520513727,0.821382546,0.040547566
W.2025-11-02_171539.88e03f8d,/home/ayesha/SP-VAE-GCN/results/sweeps/losses/W.2025-11-02_171539.88e03f8d,0.619294167,500,60503,0.2,0.01,2,0.1,-0.1,0,0.0001,0.026567663,0.1629959,0.067073944,0.208392974,0.153485149,0.265235102,0.308879064,0.467652273,0.769857498,0.030609602
W.2025-11-02_014957.0ca329a1,/home/ayesha/SP-VAE-GCN/results/sweeps/losses/W.2025-11-02_014957.0ca329a1,0.374340177,500,60503,0.05,0.05,1,0.05,-0.1,0.5,0.0001,0.026571832,0.163008688,0.077820623,-0.046330813,-0.112819395,-0.025028473,0.146743889,0.541676276,0.84126348,0.047374117
W.2025-11-02_103651.98984b01,/home/ayesha/SP-VAE-GCN/results/sweeps/losses/W.2025-11-02_103651.98984b01,0.208479777,500,60503,0.1,0.001,0,0,0,0.1,0,0.026575746,0.163020692,0.071557749,0.149780136,0.018941045,0.16940199,0.266975489,0.499276161,0.801386463,0.037066075
W.2025-11-02_012555.c643367b,/home/ayesha/SP-VAE-GCN/results/sweeps/losses/W.2025-11-02_012555.c643367b,0.471096039,500,60503,0.1,0.05,0.5,0.2,-0.05,0.1,0.0001,0.026605583,0.16311218,0.071089597,0.156987014,-0.00228494,0.19379049,0.286011798,0.493863952,0.793488253,0.039536675
W.2025-11-01_205118.403113ce,/home/ayesha/SP-VAE-GCN/results/sweeps/losses/W.2025-11-01_205118.403113ce,0.629662514,500,60503,0.2,0.05,0.5,0.2,-0.05,0.5,0.0001,0.026645791,0.163235385,0.077780148,-0.044027204,-0.082675987,-0.0297969,0.151139532,0.547236422,0.84626701,0.045304997
W.2025-11-02_101810.bbdebe78,/home/ayesha/SP-VAE-GCN/results/sweeps/losses/W.2025-11-02_101810.bbdebe78,0.631263733,192,60503,0.2,0.001,2,0,-0.1,0.1,0,0.026832036,0.163804871,0.072143292,0.131521237,0.063218301,0.161790815,0.246381221,0.50514008,0.806731924,0.032671262
W.2025-11-01_193851.e98cd611,/home/ayesha/SP-VAE-GCN/results/sweeps/losses/W.2025-11-01_193851.e98cd611,0.263805121,500,60503,0.1,0.01,0,0.05,0,0.5,0,0.026913035,0.164051928,0.077469124,-0.038903692,-0.027616108,-0.025989186,0.164976258,0.535472168,0.835012429,0.050403113
W.2025-11-02_022157.9a009fab,/home/ayesha/SP-VAE-GCN/results/sweeps/losses/W.2025-11-02_022157.9a009fab,0.41583845,500,60503,0.2,0.001,0,0.1,0,0.1,0,0.027145008,0.164757421,0.072319071,0.134241997,0.032718022,0.14872847,0.245937728,0.514963994,0.82070525,0.029592806
W.2025-11-02_145549.3d71951b,/home/ayesha/SP-VAE-GCN/results/sweeps/losses/W.2025-11-02_145549.3d71951b,0.571501672,500,60503,0.2,0.01,0.5,0.2,-0.05,0.5,0.001,0.027175767,0.164850741,0.076286838,0.009410819,-0.05625586,0.003395182,0.177644753,0.532485978,0.832355048,0.045826816
W.2025-11-02_133905.9ddb8c39,/home/ayesha/SP-VAE-GCN/results/sweeps/losses/W.2025-11-02_133905.9ddb8c39,0.694175661,173,60503,0.2,0.001,2,0.2,-0.1,0.1,0.001,0.027265273,0.165121996,0.077977447,-0.045546422,-0.072141573,-0.01993396,0.135878791,0.551909299,0.851048886,0.043827201
W.2025-11-02_130807.ab48b295,/home/ayesha/SP-VAE-GCN/results/sweeps/losses/W.2025-11-02_130807.ab48b295,0.273682922,142,60503,0.05,0.001,2,0.05,-0.05,0.5,0,0.027297056,0.165218207,0.076490677,0.002528766,0.020644666,-0.000426455,0.171992357,0.533092244,0.83295942,0.042865636
W.2025-11-01_191353.e8115f04,/home/ayesha/SP-VAE-GCN/results/sweeps/losses/W.2025-11-01_191353.e8115f04,0.327364326,500,60503,0.1,0.01,0.5,0.05,-0.05,0,0.001,0.027416834,0.165580295,0.07390341,0.094383331,0.041833667,0.11222828,0.221545233,0.524829433,0.830652405,0.033409662
W.2025-11-02_150824.f46820cf,/home/ayesha/SP-VAE-GCN/results/sweeps/losses/W.2025-11-02_150824.f46820cf,0.610575736,500,60503,0.2,0.05,0,0.1,0,0.5,0.001,0.027774603,0.166657141,0.075968011,0.01560473,0.044021489,0.009153719,0.188150809,0.526841394,0.829327056,0.046690294
W.2025-11-01_230510.cec919eb,/home/ayesha/SP-VAE-GCN/results/sweeps/losses/W.2025-11-01_230510.cec919eb,0.250586271,194,60503,0.05,0.001,1,0.05,-0.05,0.1,0,0.027827509,0.166815792,0.078170386,-0.04581729,0.010263529,-0.03619419,0.137439404,0.54607164,0.845791655,0.045084369
W.2025-11-02_141924.dcf1529f,/home/ayesha/SP-VAE-GCN/results/sweeps/losses/W.2025-11-02_141924.dcf1529f,0.734884202,500,60503,0.2,0.05,1,0,-0.1,0.5,0.0001,0.027929421,0.167120979,0.076601777,-0.004108418,0.01088225,0.000957719,0.170809735,0.535730185,0.837286742,0.045297374
W.2025-11-01_224152.18693634,/home/ayesha/SP-VAE-GCN/results/sweeps/losses/W.2025-11-01_224152.18693634,0.419944495,500,60503,0.05,0.05,0.5,0.2,-0.1,0.1,0,0.027956716,0.167202621,0.078800454,-0.050898921,-0.059933377,-0.040409182,0.119509964,0.580945162,0.882705244,0.037391049
W.2025-11-02_051809.418dde22,/home/ayesha/SP-VAE-GCN/results/sweeps/losses/W.2025-11-02_051809.418dde22,0.503085256,500,60503,0.2,0.001,2,0,-0.05,0,0,0.028005102,0.167347249,0.057531936,0.377773994,0.220943079,0.41437926,0.436657031,0.388386524,0.668838936,0.030314782
W.2025-11-02_013059.1a2d0a66,/home/ayesha/SP-VAE-GCN/results/sweeps/losses/W.2025-11-02_013059.1a2d0a66,0.547084868,312,60503,0.2,0.001,1,0,-0.05,0.1,0.0001,0.028005229,0.16734763,0.075349449,0.028906277,0.020316813,0.005758719,0.186984868,0.53133514,0.835058995,0.040087547
W.2025-11-01_154043.29d2ba3b,/home/ayesha/SP-VAE-GCN/results/sweeps/losses/W.2025-11-01_154043.29d2ba3b,0.388761908,466,60503,0.05,0.01,2,0.05,-0.1,0.5,0.001,0.028147273,0.16777149,0.077101432,-0.011238081,0.038373271,-0.011803836,0.170094252,0.530490118,0.830486141,0.048824258
W.2025-11-02_122023.2356f3a7,/home/ayesha/SP-VAE-GCN/results/sweeps/losses/W.2025-11-02_122023.2356f3a7,0.412689567,500,60503,0.2,0.001,0,0,0,0.1,0.0001,0.028187665,0.167891827,0.072938952,0.122386346,0.019553588,0.145435452,0.230772722,0.528360943,0.83377147,0.028316716
W.2025-11-02_124938.ba47eb9f,/home/ayesha/SP-VAE-GCN/results/sweeps/losses/W.2025-11-02_124938.ba47eb9f,0.300051838,500,60503,0.05,0.05,0.5,0.1,-0.05,0.1,0.001,0.028199797,0.167927953,0.079111307,-0.060277908,-0.040867167,-0.043283223,0.125502917,0.565262728,0.861766176,0.040384226
W.2025-11-01_225110.3192b000,/home/ayesha/SP-VAE-GCN/results/sweeps/losses/W.2025-11-01_225110.3192b000,0.573199451,146,60503,0.2,0.001,2,0.05,-0.05,0.5,0,0.028201549,0.167933169,0.077930363,-0.042837738,0.052691867,-0.033413903,0.142410444,0.542765564,0.842846686,0.045229269
W.2025-11-02_041157.fa9fc290,/home/ayesha/SP-VAE-GCN/results/sweeps/losses/W.2025-11-02_041157.fa9fc290,0.568806112,500,60503,0.2,0.01,0.5,0.05,-0.05,0,0.0001,0.028364862,0.16841871,0.068893902,0.184070393,0.050810454,0.224167831,0.28959199,0.483353472,0.784861041,0.035793138
W.2025-11-02_003659.6f7f8269,/home/ayesha/SP-VAE-GCN/results/sweeps/losses/W.2025-11-02_003659.6f7f8269,0.682786345,500,60503,0.2,0.05,0.5,0.2,-0.1,0.5,0,0.028508941,0.168845909,0.075504324,0.046874174,0.049559005,0.028964722,0.185677443,0.520163782,0.819698099,0.039919845
W.2025-11-02_084436.9d40a31e,/home/ayesha/SP-VAE-GCN/results/sweeps/losses/W.2025-11-02_084436.9d40a31e,0.590936065,500,60503,0.2,0.01,0.5,0,-0.05,0.5,0,0.02872896,0.169496194,0.076239457,0.023270607,0.009319345,0.016311768,0.179241202,0.533971411,0.833773979,0.042427032
W.2025-11-02_100833.c52eec92,/home/ayesha/SP-VAE-GCN/results/sweeps/losses/W.2025-11-02_100833.c52eec92,0.634517252,500,60503,0.2,0.05,0.5,0.05,-0.05,0.5,0,0.028747115,0.169549742,0.076057791,0.031864357,-0.00745082,0.025238891,0.190487171,0.528093841,0.828372569,0.045169205
W.2025-11-02_092942.7f740838,/home/ayesha/SP-VAE-GCN/results/sweeps/losses/W.2025-11-02_092942.7f740838,0.407952726,500,60503,0.2,0.001,0,0.2,0,0.1,0.001,0.02905776,0.170463367,0.072643365,0.134036648,0.014324147,0.154766785,0.235758855,0.525440616,0.830388166,0.028934716
W.2025-11-01_212527.46f2f9e0,/home/ayesha/SP-VAE-GCN/results/sweeps/losses/W.2025-11-01_212527.46f2f9e0,0.379205167,135,60503,0.05,0.001,2,0.05,-0.1,0.1,0,0.029268435,0.171080199,0.078713869,-0.055654492,-0.035209694,-0.04535804,0.11242497,0.553605617,0.852619584,0.044020169
W.2025-11-01_224442.4874d049,/home/ayesha/SP-VAE-GCN/results/sweeps/losses/W.2025-11-01_224442.4874d049,0.264424175,500,60503,0.05,0.05,0,0.1,0,0.5,0.0001,0.029293886,0.171154567,0.077678403,-0.015454941,-0.01252434,-0.011414547,0.161236882,0.54034266,0.838058924,0.047736904
W.2025-11-02_014615.d93484b8,/home/ayesha/SP-VAE-GCN/results/sweeps/losses/W.2025-11-02_014615.d93484b8,0.305522799,500,60503,0.1,0.05,0.5,0.2,-0.05,0,0,0.029591865,0.172022861,0.072427231,0.131627172,0.034211345,0.160060126,0.231954367,0.525007194,0.827370233,0.026553812
W.2025-11-02_021046.3aedd477,/home/ayesha/SP-VAE-GCN/results/sweeps/losses/W.2025-11-02_021046.3aedd477,0.552169204,500,60503,0.2,0.05,0,0.05,-0.05,0.1,0.001,0.029765419,0.172526575,0.075458629,0.057822618,0.051336338,0.060441973,0.17989082,0.533573731,0.838036301,0.030651949
W.2025-11-02_103117.636e8c5f,/home/ayesha/SP-VAE-GCN/results/sweeps/losses/W.2025-11-02_103117.636e8c5f,0.75116843,500,60503,0.2,0.05,1,0.1,-0.1,0.5,0.0001,0.029792541,0.17260516,0.069391359,0.173688383,0.117726179,0.208483302,0.272387765,0.483734368,0.779633381,0.033299262
W.2025-11-01_200523.18d0b3d6,/home/ayesha/SP-VAE-GCN/results/sweeps/losses/W.2025-11-01_200523.18d0b3d6,0.56499207,500,60503,0.2,0.05,0,0,-0.05,0.5,0.0001,0.029818011,0.172678924,0.077734406,-0.007537932,0.039576494,-0.010360692,0.13980306,0.548105138,0.845977202,0.035578285
W.2025-11-02_012441.4a31639b,/home/ayesha/SP-VAE-GCN/results/sweeps/losses/W.2025-11-02_012441.4a31639b,0.406075716,500,60503,0.1,0.05,0.5,0.2,-0.05,0.5,0.001,0.029824818,0.172698634,0.075796781,0.045023851,0.028293893,0.025081844,0.189130463,0.521083276,0.818555828,0.044322313
W.2025-11-02_120751.4088b4eb,/home/ayesha/SP-VAE-GCN/results/sweeps/losses/W.2025-11-02_120751.4088b4eb,0.660853028,151,60503,0.2,0.001,2,0.05,-0.1,0.1,0.001,0.029869816,0.172828864,0.078459968,-0.020192234,0.030484984,-0.011852468,0.127596434,0.560915848,0.857533987,0.036434257
W.2025-11-02_015144.02c4c124,/home/ayesha/SP-VAE-GCN/results/sweeps/losses/W.2025-11-02_015144.02c4c124,0.584648967,239,60503,0.2,0.001,1,0.05,-0.05,0.5,0.0001,0.029930269,0.173003667,0.079844158,-0.073349387,-0.043067877,-0.052573957,0.101664289,0.566081142,0.862734992,0.043476088
W.2025-11-01_163430.97cb0333,/home/ayesha/SP-VAE-GCN/results/sweeps/losses/W.2025-11-01_163430.97cb0333,0.565906346,177,60503,0.2,0.001,1,0.05,-0.05,0.1,0.0001,0.029951006,0.173063589,0.074591678,0.089141136,0.0727783,0.064079045,0.20859149,0.51172513,0.811166038,0.040197046
W.2025-11-02_052523.169e9253,/home/ayesha/SP-VAE-GCN/results/sweeps/losses/W.2025-11-02_052523.169e9253,0.496410906,500,60503,0.2,0.01,0.5,0.2,-0.05,0,0.0001,0.030149497,0.173636105,0.072002458,0.150523156,-0.007638115,0.181961439,0.24709638,0.52270708,0.824134736,0.028105355
W.2025-11-02_032856.a8dc0475,/home/ayesha/SP-VAE-GCN/results/sweeps/losses/W.2025-11-02_032856.a8dc0475,0.304787934,500,60503,0.05,0.05,0.5,0.1,-0.1,0.5,0,0.030350076,0.174212731,0.078263418,-0.013431882,0.003655736,-0.006031898,0.1258002,0.562751706,0.85949491,0.033384817
W.2025-11-01_152556.54cde06b,/home/ayesha/SP-VAE-GCN/results/sweeps/losses/W.2025-11-01_152556.54cde06b,0.596570134,500,60503,0.1,0.05,2,0,-0.1,0.5,0.0001,0.030524354,0.174712203,0.077092646,0.012102873,0.056861971,0.006032279,0.172895993,0.533125151,0.831573891,0.046038213
W.2025-11-01_235510.c09a1a6e,/home/ayesha/SP-VAE-GCN/results/sweeps/losses/W.2025-11-01_235510.c09a1a6e,0.534119189,500,60503,0.2,0.01,0.5,0.05,-0.05,0.1,0.001,0.030552207,0.174791896,0.077908809,0.009088837,0.00620621,0.022730843,0.140256162,0.561905788,0.864082737,0.030934757
W.2025-11-02_113045.9a6e7432,/home/ayesha/SP-VAE-GCN/results/sweeps/losses/W.2025-11-02_113045.9a6e7432,0.503979683,500,60503,0.2,0.01,0.5,0.1,-0.05,0,0.0001,0.030597708,0.174922006,0.070789963,0.156920759,0.011722102,0.201482718,0.258071784,0.508044077,0.805869966,0.032536197
W.2025-11-02_080210.8d47aac0,/home/ayesha/SP-VAE-GCN/results/sweeps/losses/W.2025-11-02_080210.8d47aac0,0.389020264,295,60503,0.05,0.01,2,0.1,-0.1,0.5,0.001,0.030680994,0.17515991,0.076007334,0.043785901,0.034379527,0.017384149,0.18970297,0.525027688,0.82230777,0.045173544
W.2025-11-02_053833.cc2dc1fe,/home/ayesha/SP-VAE-GCN/results/sweeps/losses/W.2025-11-02_053833.cc2dc1fe,0.30780831,500,60503,0.1,0.05,0.5,0.05,-0.05,0,0,0.030681104,0.175160223,0.0727461,0.124438296,0.00317679,0.153942805,0.224251179,0.525390929,0.825558973,0.028327359
W.2025-11-02_152425.b15c9222,/home/ayesha/SP-VAE-GCN/results/sweeps/losses/W.2025-11-02_152425.b15c9222,0.47120595,101,60503,0.1,0.001,2,0.2,-0.1,0.5,0.0001,0.030704056,0.175225728,0.078211024,-0.025697482,0.05261502,-0.02399364,0.122327195,0.549194837,0.846439999,0.038867247
W.2025-11-02_060901.dfb3c833,/home/ayesha/SP-VAE-GCN/results/sweeps/losses/W.2025-11-02_060901.dfb3c833,0.563789487,500,60503,0.2,0.05,0.5,0.1,-0.05,0.5,0.001,0.031028349,0.176148657,0.070380836,0.168274957,0.066021972,0.191419622,0.263542181,0.48878584,0.784309669,0.037774575
W.2025-11-02_011341.1db7835f,/home/ayesha/SP-VAE-GCN/results/sweeps/losses/W.2025-11-02_011341.1db7835f,0.419828296,500,60503,0.1,0.01,2,0.05,-0.1,0,0.001,0.031134122,0.176448637,0.067549581,0.220339235,0.144595422,0.268971209,0.311819182,0.469973536,0.757406205,0.038014484
W.2025-11-02_173620.281dab32,/home/ayesha/SP-VAE-GCN/results/sweeps/losses/W.2025-11-02_173620.281dab32,0.578463316,173,60503,0.2,0.001,2,0.05,-0.05,0.5,0.0001,0.031178583,0.176574581,0.07927029,-0.056254662,0.019894065,-0.045249368,0.097324187,0.557962488,0.855395273,0.042765781
W.2025-11-02_054924.cdd63708,/home/ayesha/SP-VAE-GCN/results/sweeps/losses/W.2025-11-02_054924.cdd63708,0.337949812,500,60503,0.1,0.05,0,0.05,-0.05,0.5,0.0001,0.031514779,0.177524024,0.078835605,-0.037316089,-0.053044359,-0.029608697,0.119149571,0.556103906,0.85192747,0.041338095
W.2025-11-01_210836.78c23158,/home/ayesha/SP-VAE-GCN/results/sweeps/losses/W.2025-11-01_210836.78c23158,0.341016173,500,60503,0.1,0.01,1,0,-0.05,0.5,0.0001,0.031901115,0.178608833,0.079160932,-0.053273974,0.029586511,-0.041430077,0.110810586,0.556270957,0.853852198,0.044065082
W.2025-11-01_204737.951257e6,/home/ayesha/SP-VAE-GCN/results/sweeps/losses/W.2025-11-01_204737.951257e6,0.505200922,500,60503,0.2,0.01,0.5,0.2,-0.05,0.1,0.001,0.031913733,0.178644152,0.070118348,0.166402539,0.034598761,0.201269121,0.255934322,0.4973967,0.792487403,0.031832549
W.2025-11-01_151747.a94e8e04,/home/ayesha/SP-VAE-GCN/results/sweeps/losses/W.2025-11-01_151747.a94e8e04,0.123922214,500,60503,0.05,0.01,0,0.1,0,0.5,0,0.032107422,0.179185439,0.077542283,-0.002485845,0.006006868,0.003653974,0.140155155,0.546049146,0.843062989,0.042745303
W.2025-11-01_215924.c48b5abb,/home/ayesha/SP-VAE-GCN/results/sweeps/losses/W.2025-11-01_215924.c48b5abb,0.411952078,500,60503,0.05,0.05,0,0.2,-0.1,0.5,0.0001,0.032171995,0.179365534,0.076439611,0.005166128,0.100808739,-0.002547953,0.13607339,0.543700086,0.843326244,0.034491769
W.2025-11-02_082441.fd84fef0,/home/ayesha/SP-VAE-GCN/results/sweeps/losses/W.2025-11-02_082441.fd84fef0,0.385286808,264,60503,0.05,0.01,2,0.1,-0.1,0.5,0.0001,0.032192562,0.179422859,0.077293936,0.01715913,0.060432408,0.000600793,0.16090539,0.534474239,0.829757427,0.043954481
W.2025-11-01_191256.bf583af4,/home/ayesha/SP-VAE-GCN/results/sweeps/losses/W.2025-11-01_191256.bf583af4,0.211523265,500,60503,0.05,0.001,2,0.1,-0.05,0,0,0.032201094,0.179446634,0.065755838,0.27147313,0.310172532,0.239615174,0.339220371,0.434832928,0.731921538,0.032927945
W.2025-11-01_234232.b47886cd,/home/ayesha/SP-VAE-GCN/results/sweeps/losses/W.2025-11-01_234232.b47886cd,0.38166669,500,60503,0.1,0.05,0.5,0.1,-0.1,0.1,0.0001,0.03238698,0.179963829,0.07183105,0.15132638,0.032366098,0.181077043,0.239999961,0.519047349,0.817545898,0.026611409
W.2025-11-02_172600.ea91438e,/home/ayesha/SP-VAE-GCN/results/sweeps/losses/W.2025-11-02_172600.ea91438e,0.656072378,129,60503,0.2,0.001,2,0,-0.1,0.5,0.0001,0.032456422,0.180156659,0.075593737,0.048124854,0.097649175,0.03803894,0.17039971,0.527299325,0.825853785,0.03779145
W.2025-11-02_000143.69f09097,/home/ayesha/SP-VAE-GCN/results/sweeps/losses/W.2025-11-02_000143.69f09097,0.689073026,500,60503,0.2,0.05,1,0.05,-0.1,0,0,0.032596885,0.180546075,0.070670147,0.168911346,-0.021102447,0.201624696,0.258693855,0.509977997,0.808360692,0.031599422
W.2025-11-02_082913.144b76e1,/home/ayesha/SP-VAE-GCN/results/sweeps/losses/W.2025-11-02_082913.144b76e1,0.477201998,500,60503,0.2,0.01,0.5,0,-0.05,0.1,0.001,0.032768227,0.181019964,0.070904737,0.154841932,0.007186115,0.192428439,0.243999497,0.512863749,0.80944467,0.028181062
W.2025-11-02_121213.6b70c869,/home/ayesha/SP-VAE-GCN/results/sweeps/losses/W.2025-11-02_121213.6b70c869,0.394834846,500,60503,0.1,0.05,0,0.2,-0.05,0.5,0.0001,0.032824441,0.181175167,0.078628375,-0.031865641,0.022429392,-0.029668001,0.120116109,0.553717614,0.850524132,0.042662372
W.2025-11-02_170011.290507cf,/home/ayesha/SP-VAE-GCN/results/sweeps/losses/W.2025-11-02_170011.290507cf,0.460257798,500,60503,0.1,0.05,0,0,0,0.5,0.0001,0.032936475,0.181484089,0.078052121,-0.007081312,0.038028682,-0.006739925,0.151722162,0.547046679,0.84351137,0.045972335
W.2025-11-02_094937.1eaaa887,/home/ayesha/SP-VAE-GCN/results/sweeps/losses/W.2025-11-02_094937.1eaaa887,0.25939706,100,60503,0.1,0.001,0.5,0.1,0,0.5,0.001,0.033371177,0.182677797,0.077412807,0.017164188,-0.015951817,0.020464798,0.137437162,0.553681784,0.849633565,0.034264666
W.2025-11-01_165752.c7baccb3,/home/ayesha/SP-VAE-GCN/results/sweeps/losses/W.2025-11-01_165752.c7baccb3,0.362861335,500,60503,0.05,0.05,0.5,0.05,-0.05,0.5,0,0.033698881,0.18357255,0.07965732,-0.058550773,0.008665555,-0.046457138,0.105783998,0.567274996,0.864493872,0.044869668
W.2025-11-01_171030.003d38bb,/home/ayesha/SP-VAE-GCN/results/sweeps/losses/W.2025-11-01_171030.003d38bb,0.634493411,500,60503,0.2,0.05,1,0.05,-0.1,0,0.0001,0.033749091,0.183709256,0.069884778,0.173766065,0.046576454,0.21582923,0.262517364,0.499517478,0.790860312,0.03289453
W.2025-11-02_015942.de2eee61,/home/ayesha/SP-VAE-GCN/results/sweeps/losses/W.2025-11-02_015942.de2eee61,0.343965381,500,60503,0.1,0.01,0.5,0.1,-0.05,0.1,0.001,0.033870378,0.184039066,0.077530627,0.015004582,0.061252148,0.014748885,0.139709193,0.546454307,0.847283188,0.036021789
W.2025-11-02_053547.f4c274d0,/home/ayesha/SP-VAE-GCN/results/sweeps/losses/W.2025-11-02_053547.f4c274d0,0.336999983,468,60503,0.1,0.01,1,0.1,-0.05,0.5,0.001,0.033927984,0.184195505,0.079193879,-0.033380786,-0.00829557,-0.03017633,0.110361639,0.561141775,0.856729215,0.042457753
W.2025-11-02_040645.3148c371,/home/ayesha/SP-VAE-GCN/results/sweeps/losses/W.2025-11-02_040645.3148c371,0.244181126,500,60503,0.05,0.01,1,0.05,-0.05,0.5,0.0001,0.034083309,0.184616654,0.077175623,0.02595344,-0.014328717,0.019224806,0.155399074,0.545082693,0.841762865,0.041234391
W.2025-11-02_111740.fe3abfd9,/home/ayesha/SP-VAE-GCN/results/sweeps/losses/W.2025-11-02_111740.fe3abfd9,0.464914709,100,60503,0.2,0.001,0,0,0,0.5,0,0.034351285,0.185340997,0.070911893,0.165144361,0.053673332,0.191247257,0.246979071,0.504446941,0.7958921,0.032271898
W.2025-11-02_042324.4f3b1b6f,/home/ayesha/SP-VAE-GCN/results/sweeps/losses/W.2025-11-02_042324.4f3b1b6f,0.563434541,500,60503,0.2,0.05,0.5,0.05,-0.1,0.1,0.0001,0.034743478,0.186396025,0.075735055,0.066693296,0.070242185,0.074082821,0.165008495,0.546067657,0.850896157,0.025801456
W.2025-11-02_081854.8f592240,/home/ayesha/SP-VAE-GCN/results/sweeps/losses/W.2025-11-02_081854.8f592240,0.167483866,500,60503,0.05,0.001,1,0.05,-0.05,0,0.001,0.034792721,0.186528069,0.06183994,0.321553326,0.236392217,0.334147411,0.378443078,0.432534745,0.711036272,0.032820845
W.2025-11-02_062435.cbcb7ed5,/home/ayesha/SP-VAE-GCN/results/sweeps/losses/W.2025-11-02_062435.cbcb7ed5,0.361335546,137,60503,0.1,0.001,2,0.2,-0.05,0.5,0.0001,0.034817744,0.186595134,0.079327363,-0.026385803,0.031511672,-0.025925926,0.098526606,0.560769939,0.85530133,0.039412923
W.2025-11-02_055925.328eb803,/home/ayesha/SP-VAE-GCN/results/sweeps/losses/W.2025-11-02_055925.328eb803,0.536733329,185,60503,0.2,0.001,1,0.2,-0.05,0.1,0.0001,0.035188763,0.18758668,0.079773665,-0.043571441,0.050394848,-0.034144178,0.086709185,0.565626403,0.862559975,0.037052493
W.2025-11-02_022101.ac53fdbf,/home/ayesha/SP-VAE-GCN/results/sweeps/losses/W.2025-11-02_022101.ac53fdbf,0.480184942,500,60503,0.2,0.01,0.5,0.05,-0.05,0,0,0.035223142,0.187678293,0.070168148,0.170282106,-0.012472968,0.215472533,0.253122714,0.511402751,0.803296038,0.030328994
W.2025-11-02_010537.8ba1f24c,/home/ayesha/SP-VAE-GCN/results/sweeps/losses/W.2025-11-02_010537.8ba1f24c,0.568776786,500,60503,0.2,0.05,1,0.2,-0.1,0,0.0001,0.035455642,0.188296686,0.070971317,0.161122063,-0.010968066,0.196387812,0.243630114,0.515527303,0.807613549,0.03009485
W.2025-11-02_020932.1cb1a737,/home/ayesha/SP-VAE-GCN/results/sweeps/losses/W.2025-11-02_020932.1cb1a737,0.242259026,102,60503,0.05,0.001,2,0.1,-0.05,0.5,0,0.035654033,0.188822756,0.078624992,-0.001657028,0.011527405,0.003754804,0.117252168,0.55965882,0.853274116,0.040128141
W.2025-11-02_180935.5973b2e7,/home/ayesha/SP-VAE-GCN/results/sweeps/losses/W.2025-11-02_180935.5973b2e7,0.675848603,500,60503,0.2,0.05,0,0.05,-0.05,0.5,0,0.035706742,0.188962277,0.077570513,0.022495214,0.036226596,0.014625207,0.140119393,0.551460524,0.847460373,0.037096058
W.2025-11-01_154747.a8b3295b,/home/ayesha/SP-VAE-GCN/results/sweeps/losses/W.2025-11-01_154747.a8b3295b,0.496620238,500,60503,0.2,0.01,0.5,0.1,-0.05,0,0,0.035769224,0.189127534,0.070687911,0.165522517,0.017763283,0.209832869,0.249342631,0.513977545,0.805247866,0.031527804
W.2025-11-02_013448.2e260f1d,/home/ayesha/SP-VAE-GCN/results/sweeps/losses/W.2025-11-02_013448.2e260f1d,0.518106699,500,60503,0.2,0.05,0,0.1,-0.05,0.1,0,0.035784918,0.18916902,0.08212749,-0.07079552,-0.031796615,-0.061313372,0.057155346,0.613455074,0.907477708,0.028148044
W.2025-11-01_193156.70fe5d26,/home/ayesha/SP-VAE-GCN/results/sweeps/losses/W.2025-11-01_193156.70fe5d26,0.326730043,500,60503,0.1,0.01,0.5,0.05,-0.05,0.1,0.001,0.035896379,0.189463398,0.07885787,-0.017492336,0.059561032,-0.016288731,0.105688604,0.560150829,0.857761722,0.036006788
W.2025-11-01_180221.07a68488,/home/ayesha/SP-VAE-GCN/results/sweeps/losses/W.2025-11-01_180221.07a68488,0.365749925,500,60503,0.1,0.05,0.5,0.1,-0.05,0.1,0.001,0.036181966,0.190215579,0.081758038,-0.068494822,-0.039612146,-0.055530485,0.066422283,0.598060242,0.892577899,0.033575574
W.2025-11-01_172524.4ccab7ef,/home/ayesha/SP-VAE-GCN/results/sweeps/losses/W.2025-11-01_172524.4ccab7ef,0.248485595,478,60503,0.05,0.01,1,0.1,-0.05,0.5,0.001,0.036304647,0.190537783,0.078171377,0.018922878,-0.019463665,0.019320549,0.143306108,0.554429957,0.846981388,0.041918248
W.2025-11-02_031638.f68c6b1d,/home/ayesha/SP-VAE-GCN/results/sweeps/losses/W.2025-11-02_031638.f68c6b1d,0.621895313,500,60503,0.2,0.05,1,0.1,-0.1,0,0,0.036436246,0.190882806,0.070311689,0.170662528,0.023364485,0.206848346,0.250126932,0.509091633,0.800394959,0.030492584
W.2025-11-02_003602.60091185,/home/ayesha/SP-VAE-GCN/results/sweeps/losses/W.2025-11-02_003602.60091185,0.491368651,500,60503,0.2,0.001,1,0.1,-0.05,0,0,0.036515619,0.191090604,0.065378337,0.256241483,0.175502373,0.289535258,0.323773702,0.465318715,0.746406753,0.034343198
W.2025-11-02_103525.b3fc0139,/home/ayesha/SP-VAE-GCN/results/sweeps/losses/W.2025-11-02_103525.b3fc0139,0.507184088,90,60503,0.2,0.001,0,0,0,0.5,0.0001,0.036604519,0.191323074,0.071382385,0.161750884,0.100925327,0.182929381,0.237040445,0.512759599,0.803156936,0.030294022
W.2025-11-01_194651.47847273,/home/ayesha/SP-VAE-GCN/results/sweeps/losses/W.2025-11-01_194651.47847273,0.382450014,500,60503,0.05,0.05,0,0.05,0,0.1,0,0.036672003,0.191499355,0.070578166,0.166850976,0.054316044,0.19378841,0.247599933,0.504139417,0.791212108,0.034662691
W.2025-11-02_105307.25bdd8be,/home/ayesha/SP-VAE-GCN/results/sweeps/losses/W.2025-11-02_105307.25bdd8be,0.484184504,359,60503,0.2,0.001,1,0.05,-0.05,0,0,0.036688839,0.191543309,0.066202487,0.249344845,0.13456653,0.27933555,0.318188991,0.471011797,0.751458389,0.035981085
W.2025-11-01_161558.dbbe542d,/home/ayesha/SP-VAE-GCN/results/sweeps/losses/W.2025-11-01_161558.dbbe542d,0.689090014,396,60503,0.2,0.01,2,0.05,-0.1,0.5,0.001,0.036731366,0.191654287,0.080658733,-0.061750754,-0.017977878,-0.050629466,0.087076913,0.578205443,0.872827577,0.042389596
W.2025-11-02_155020.69cdaf60,/home/ayesha/SP-VAE-GCN/results/sweeps/losses/W.2025-11-02_155020.69cdaf60,0.353166521,500,60503,0.05,0.05,0,0.2,0,0.5,0.0001,0.037279077,0.193077903,0.081038635,-0.060676339,-0.045915249,-0.050246935,0.094678229,0.585033564,0.879437929,0.044567387
W.2025-11-01_171506.60fcdc05,/home/ayesha/SP-VAE-GCN/results/sweeps/losses/W.2025-11-01_171506.60fcdc05,0.484036654,427,60503,0.2,0.001,1,0,-0.05,0,0.001,0.037626643,0.193975884,0.065993174,0.249399458,0.136997913,0.280775782,0.31614934,0.47441819,0.754114429,0.035100179
W.2025-11-02_181131.fa4ea6aa,/home/ayesha/SP-VAE-GCN/results/sweeps/losses/W.2025-11-02_181131.fa4ea6aa,0.319235563,500,60503,0.1,0.001,2,0.05,-0.05,0,0.0001,0.037642206,0.194015995,0.068776993,0.228869662,0.280112897,0.181522705,0.296891901,0.472308788,0.770678161,0.033831112
W.2025-11-02_155700.8e5210c3,/home/ayesha/SP-VAE-GCN/results/sweeps/losses/W.2025-11-02_155700.8e5210c3,0.298881888,500,60503,0.1,0.01,0.5,0,-0.05,0,0.001,0.037647287,0.194029089,0.069517333,0.173751309,-0.033170538,0.229682629,0.255241781,0.50780789,0.7913486,0.033027456
W.2025-11-02_064806.748c7993,/home/ayesha/SP-VAE-GCN/results/sweeps/losses/W.2025-11-02_064806.748c7993,0.151889876,500,60503,0.05,0.05,0.5,0,-0.05,0,0.001,0.037815986,0.194463328,0.071368458,0.156593145,0.027613295,0.183927844,0.231414823,0.524020294,0.814453536,0.027120961
W.2025-11-02_034122.7f14ac60,/home/ayesha/SP-VAE-GCN/results/sweeps/losses/W.2025-11-02_034122.7f14ac60,0.277034342,261,60503,0.1,0.001,1,0.1,-0.05,0,0.0001,0.038053954,0.195074227,0.068914397,0.20714564,0.133769745,0.24095978,0.284544882,0.492730532,0.773798242,0.038581151
W.2025-11-02_170101.bf0f707b,/home/ayesha/SP-VAE-GCN/results/sweeps/losses/W.2025-11-02_170101.bf0f707b,0.364906043,500,60503,0.1,0.05,1,0,-0.1,0.1,0.001,0.03823639,0.195541274,0.079974219,-0.014189177,-0.024172894,-0.001234721,0.09380669,0.586130931,0.884413454,0.026745053
W.2025-11-02_070804.b8bca547,/home/ayesha/SP-VAE-GCN/results/sweeps/losses/W.2025-11-02_070804.b8bca547,0.276360601,295,60503,0.1,0.001,1,0.1,-0.05,0,0,0.038300631,0.195705469,0.067304529,0.238758272,0.209664034,0.258447214,0.305368799,0.478368416,0.758643459,0.036860081
W.2025-11-02_172122.5002e088,/home/ayesha/SP-VAE-GCN/results/sweeps/losses/W.2025-11-02_172122.5002e088,0.473478794,500,60503,0.2,0.01,0,0.05,-0.05,0,0.0001,0.038517466,0.19625867,0.071677334,0.155571418,0.064519883,0.178789793,0.230185375,0.531007418,0.828208763,0.027152885
W.2025-11-02_161300.6bc31b3f,/home/ayesha/SP-VAE-GCN/results/sweeps/losses/W.2025-11-02_161300.6bc31b3f,0.23371473,500,60503,0.05,0.05,0,0.2,-0.05,0.5,0.0001,0.038643821,0.196580318,0.078835805,0.007558182,0.080132431,-4.31E-05,0.114974438,0.566323057,0.859321449,0.033408812
W.2025-11-02_072522.96610697,/home/ayesha/SP-VAE-GCN/results/sweeps/losses/W.2025-11-02_072522.96610697,0.579639614,500,60503,0.2,0.05,0,0,-0.05,0,0.0001,0.038654018,0.196606252,0.08077619,-0.028953664,-0.045846646,-0.03103256,0.077948017,0.613057964,0.91277008,0.02463775
W.2025-11-01_173048.c98b5901,/home/ayesha/SP-VAE-GCN/results/sweeps/losses/W.2025-11-01_173048.c98b5901,0.514114976,435,60503,0.2,0.001,2,0.05,-0.1,0,0.0001,0.038805203,0.196990362,0.065636545,0.259963071,0.261900611,0.278955211,0.32058724,0.467047281,0.745755672,0.034582661
W.2025-11-02_140250.82126948,/home/ayesha/SP-VAE-GCN/results/sweeps/losses/W.2025-11-02_140250.82126948,0.610957205,500,60503,0.2,0.05,1,0.2,-0.1,0,0.001,0.038899413,0.197229341,0.0705096,0.176011916,0.12445038,0.192309898,0.249554195,0.506118982,0.794895862,0.033039463
W.2025-11-02_120914.70a07bc1,/home/ayesha/SP-VAE-GCN/results/sweeps/losses/W.2025-11-02_120914.70a07bc1,0.489606082,500,60503,0.2,0.001,0.5,0.05,-0.05,0.1,0,0.040228701,0.200570939,0.080583978,-0.008172349,0.061735456,0.00037381,0.088764883,0.617450507,0.916041855,0.026419813
W.2025-11-02_172717.516c8ac6,/home/ayesha/SP-VAE-GCN/results/sweeps/losses/W.2025-11-02_172717.516c8ac6,0.54172802,500,60503,0.2,0.05,0.5,0,-0.1,0.1,0.0001,0.040504089,0.201256277,0.070219404,0.172807282,0.071575254,0.198955826,0.240838319,0.515332938,0.804363367,0.028319123
W.2025-11-02_180133.ef34130a,/home/ayesha/SP-VAE-GCN/results/sweeps/losses/W.2025-11-02_180133.ef34130a,0.404030472,500,60503,0.1,0.01,2,0,-0.1,0,0,0.04140116,0.203472749,0.074001258,0.159329154,0.21364804,0.116548881,0.234997551,0.515591382,0.811733715,0.038580255
W.2025-11-02_140447.3ed46e72,/home/ayesha/SP-VAE-GCN/results/sweeps/losses/W.2025-11-02_140447.3ed46e72,0.492873341,82,60503,0.2,0.001,0,0.2,0,0.5,0.001,0.041496783,0.203707591,0.07637609,0.072723445,0.064527812,0.072385122,0.157854626,0.545737561,0.835427312,0.032556961
W.2025-11-02_042605.98a10b9e,/home/ayesha/SP-VAE-GCN/results/sweeps/losses/W.2025-11-02_042605.98a10b9e,0.151230946,500,60503,0.05,0.01,0.5,0.05,-0.05,0,0,0.041537196,0.203806761,0.070258805,0.172664647,0.067473531,0.212978658,0.245400028,0.5141393,0.792856506,0.03411695
W.2025-11-02_180250.e2742517,/home/ayesha/SP-VAE-GCN/results/sweeps/losses/W.2025-11-02_180250.e2742517,0.40690726,500,60503,0.1,0.05,0.5,0.2,-0.05,0,0.0001,0.041615639,0.203999116,0.080404417,-0.014030169,0.057608988,-0.01586455,0.087157331,0.587936078,0.883701389,0.030363967
W.2025-11-02_133554.08e4760b,/home/ayesha/SP-VAE-GCN/results/sweeps/losses/W.2025-11-02_133554.08e4760b,0.215035334,500,60503,0.05,0.001,2,0.05,-0.05,0,0.001,0.041835697,0.204537764,0.073118015,0.16229245,0.287062384,0.094791463,0.236699738,0.521479226,0.820826905,0.036868462
W.2025-11-02_070205.d307cf75,/home/ayesha/SP-VAE-GCN/results/sweeps/losses/W.2025-11-02_070205.d307cf75,0.182898104,500,60503,0.05,0.05,1,0.05,-0.1,0.1,0.0001,0.041945813,0.204806769,0.070976272,0.166662091,0.014292214,0.191497894,0.233768662,0.520148042,0.802952026,0.031618416
W.2025-11-02_040022.b0896985,/home/ayesha/SP-VAE-GCN/results/sweeps/losses/W.2025-11-02_040022.b0896985,0.308118641,444,60503,0.05,0.01,2,0.05,-0.1,0,0.0001,0.042310484,0.205695123,0.075990485,0.127993038,0.176827916,0.077988396,0.212998799,0.536766297,0.833026096,0.04092784
W.2025-11-02_152837.4addb28d,/home/ayesha/SP-VAE-GCN/results/sweeps/losses/W.2025-11-02_152837.4addb28d,0.686076045,500,60503,0.2,0.05,0,0.05,-0.05,0.1,0,0.042529847,0.206227659,0.071242301,0.166298007,0.126597916,0.195774797,0.233457779,0.528403664,0.81286092,0.030228335
W.2025-11-02_080533.7644b9db,/home/ayesha/SP-VAE-GCN/results/sweeps/losses/W.2025-11-02_080533.7644b9db,0.293276459,500,60503,0.1,0.01,0.5,0.1,-0.05,0.1,0.0001,0.042601819,0.206402081,0.071435567,0.167809765,0.015880791,0.193438729,0.236412259,0.525056731,0.809684319,0.034263314
W.2025-11-02_080014.6fef6b5e,/home/ayesha/SP-VAE-GCN/results/sweeps/losses/W.2025-11-02_080014.6fef6b5e,0.465653211,500,60503,0.2,0.01,0,0.2,-0.05,0,0.0001,0.04277047,0.206810226,0.071084467,0.164893733,0.080287933,0.19153162,0.230387301,0.531284495,0.819795032,0.027965907
W.2025-11-01_195814.8f52fd8a,/home/ayesha/SP-VAE-GCN/results/sweeps/losses/W.2025-11-01_195814.8f52fd8a,0.291065693,70,60503,0.1,0.001,0,0.1,0,0.5,0,0.043025437,0.207425737,0.076832192,0.079760132,0.063813813,0.074063286,0.15710737,0.549671709,0.840172225,0.03148919
W.2025-11-01_184117.e75ef8fb,/home/ayesha/SP-VAE-GCN/results/sweeps/losses/W.2025-11-01_184117.e75ef8fb,0.318964869,500,60503,0.1,0.001,2,0,-0.1,0,0.001,0.043783183,0.209244314,0.069150081,0.209653083,0.308310795,0.196027357,0.270136913,0.496904305,0.785763668,0.032651969
W.2025-11-02_110741.9ed55c02,/home/ayesha/SP-VAE-GCN/results/sweeps/losses/W.2025-11-02_110741.9ed55c02,0.617657483,500,60503,0.2,0.05,0.5,0.1,-0.1,0.5,0,0.043902549,0.209529351,0.078920896,0.026104227,-0.013694801,0.028776184,0.116342368,0.576455026,0.867356617,0.033674942
W.2025-11-02_071939.a413fcbf,/home/ayesha/SP-VAE-GCN/results/sweeps/losses/W.2025-11-02_071939.a413fcbf,0.174221054,500,60503,0.05,0.001,1,0.05,-0.05,0,0,0.043971239,0.209693201,0.071134838,0.17265412,0.251689835,0.154921372,0.238879474,0.520156739,0.812862771,0.033453895
W.2025-11-02_143209.ebf6ce1d,/home/ayesha/SP-VAE-GCN/results/sweeps/losses/W.2025-11-02_143209.ebf6ce1d,0.38047874,500,60503,0.1,0.05,1,0.2,-0.1,0.5,0.001,0.043986591,0.209729806,0.081103644,-0.016538541,-0.036450915,-0.018800656,0.079548067,0.59278183,0.882753147,0.032950232
W.2025-11-01_183926.3aa9709c,/home/ayesha/SP-VAE-GCN/results/sweeps/losses/W.2025-11-01_183926.3aa9709c,0.65504837,500,60503,0.2,0.05,0,0.05,-0.1,0,0,0.044075659,0.209942036,0.082698158,-0.032756302,-0.017058532,-0.032533869,0.061124835,0.632771907,0.929452161,0.02490458
W.2025-11-02_022003.e6e2804a,/home/ayesha/SP-VAE-GCN/results/sweeps/losses/W.2025-11-02_022003.e6e2804a,0.303749681,500,60503,0.1,0.001,1,0,-0.05,0,0.0001,0.044160413,0.210143791,0.07324238,0.143100672,0.249626718,0.109534575,0.216251775,0.533210904,0.83014403,0.03455359
W.2025-11-02_083410.47c7d27e,/home/ayesha/SP-VAE-GCN/results/sweeps/losses/W.2025-11-02_083410.47c7d27e,0.374759376,140,60503,0.1,0.001,2,0.05,-0.1,0.1,0.001,0.044196614,0.210229907,0.079075809,0.045912199,0.067647227,0.03240495,0.128801431,0.561835695,0.849087564,0.035634208
W.2025-11-02_183508.ae3d9cbc,/home/ayesha/SP-VAE-GCN/results/sweeps/losses/W.2025-11-02_183508.ae3d9cbc,0.25046885,414,60503,0.1,0.001,0.5,0.2,-0.05,0,0,0.044202674,0.21024432,0.069596213,0.197876416,0.100712482,0.221914651,0.26255852,0.513987913,0.792013062,0.035660257
W.2025-11-02_174404.8c2c2bd1,/home/ayesha/SP-VAE-GCN/results/sweeps/losses/W.2025-11-02_174404.8c2c2bd1,0.463342905,500,60503,0.2,0.001,0.5,0,-0.05,0,0,0.044248122,0.210352376,0.070379044,0.178386723,0.061354234,0.212282601,0.247327308,0.521732099,0.800323755,0.036098841
W.2025-11-01_195239.6066ce43,/home/ayesha/SP-VAE-GCN/results/sweeps/losses/W.2025-11-01_195239.6066ce43,0.303394139,500,60503,0.1,0.001,2,0,-0.1,0,0.0001,0.044439154,0.210805964,0.069969773,0.213387241,0.26750821,0.194180098,0.272271389,0.499686194,0.791144237,0.034272797
W.2025-11-02_010635.32e2f23a,/home/ayesha/SP-VAE-GCN/results/sweeps/losses/W.2025-11-02_010635.32e2f23a,0.438299984,152,60503,0.1,0.01,0.5,0.2,-0.05,0.5,0.0001,0.044505419,0.210963075,0.071219427,0.168314379,0.077722039,0.189955424,0.231396997,0.525181342,0.805796217,0.032265386
W.2025-11-02_005211.8a712a6b,/home/ayesha/SP-VAE-GCN/results/sweeps/losses/W.2025-11-02_005211.8a712a6b,0.266162097,500,60503,0.1,0.01,1,0.2,-0.1,0.1,0.001,0.044855474,0.211791108,0.070783328,0.168858229,0.031380608,0.196278622,0.231836922,0.52368705,0.802727935,0.031272565
W.2025-11-02_182647.81ccfe3d,/home/ayesha/SP-VAE-GCN/results/sweeps/losses/W.2025-11-02_182647.81ccfe3d,0.307670236,500,60503,0.05,0.05,0.5,0.2,-0.1,0.1,0.0001,0.045019737,0.21217855,0.078217245,0.049821872,0.068976696,0.051259009,0.131416556,0.578614593,0.87226555,0.029234579
W.2025-11-01_225335.fe47c75e,/home/ayesha/SP-VAE-GCN/results/sweeps/losses/W.2025-11-01_225335.fe47c75e,0.476095617,500,60503,0.2,0.01,0,0,-0.05,0,0,0.045115731,0.212404641,0.071525658,0.164178848,-0.029486172,0.189996279,0.228272062,0.535192724,0.817904189,0.031177749
W.2025-11-02_164146.f16a2ba8,/home/ayesha/SP-VAE-GCN/results/sweeps/losses/W.2025-11-02_164146.f16a2ba8,0.169154897,84,60503,0.05,0.001,0.5,0,0,0.5,0.001,0.04514581,0.212475434,0.079073793,0.032305361,0.050544235,0.02942923,0.113882186,0.572934043,0.860186877,0.033967158
W.2025-11-02_140154.54a18711,/home/ayesha/SP-VAE-GCN/results/sweeps/losses/W.2025-11-02_140154.54a18711,0.589029551,500,60503,0.2,0.05,0.5,0,-0.1,0,0.001,0.045194486,0.212589948,0.070879686,0.168501969,0.047012058,0.193217692,0.231315712,0.52423883,0.802080462,0.031768561
W.2025-11-02_053931.9d4154ae,/home/ayesha/SP-VAE-GCN/results/sweeps/losses/W.2025-11-02_053931.9d4154ae,0.26144433,93,60503,0.1,0.001,0.5,0.1,0,0.5,0,0.045201072,0.212605438,0.081812832,-0.033648997,0.008399893,-0.033375608,0.062586102,0.602410131,0.892947515,0.032178219
W.2025-11-02_155407.ae25ac26,/home/ayesha/SP-VAE-GCN/results/sweeps/losses/W.2025-11-02_155407.ae25ac26,0.452513367,500,60503,0.2,0.01,0,0.05,-0.05,0,0.001,0.045205018,0.212614718,0.071214591,0.166521897,0.010113512,0.189203327,0.22908534,0.532340318,0.815720318,0.030308897
W.2025-11-02_135009.0b83eeb4,/home/ayesha/SP-VAE-GCN/results/sweeps/losses/W.2025-11-02_135009.0b83eeb4,0.243371159,286,60503,0.05,0.01,1,0.2,-0.05,0.1,0,0.045296694,0.2128302,0.081269235,-0.015071999,0.00616666,-0.013451244,0.084390798,0.59414781,0.883627649,0.037649201
W.2025-11-02_072811.55e87191,/home/ayesha/SP-VAE-GCN/results/sweeps/losses/W.2025-11-02_072811.55e87191,0.371322125,500,60503,0.1,0.05,0,0,-0.05,0,0.0001,0.04533755,0.21292616,0.071047683,0.168452265,0.067783008,0.193342029,0.230636356,0.527643851,0.806831506,0.031127694
W.2025-11-01_183258.e3094229,/home/ayesha/SP-VAE-GCN/results/sweeps/losses/W.2025-11-01_183258.e3094229,0.461653948,500,60503,0.2,0.01,0,0.1,-0.05,0,0,0.045465503,0.213226412,0.070918309,0.169241047,0.119445655,0.189445261,0.231405566,0.525150212,0.806770112,0.031090697
W.2025-11-02_114051.20f7d80e,/home/ayesha/SP-VAE-GCN/results/sweeps/losses/W.2025-11-02_114051.20f7d80e,0.685181856,500,60503,0.2,0.05,0,0,-0.05,0.5,0.001,0.045504061,0.21331681,0.082875108,-0.060092782,0.018844346,-0.051366676,0.048128414,0.612641681,0.903940263,0.037478435
W.2025-11-02_084903.a0f619ef,/home/ayesha/SP-VAE-GCN/results/sweeps/losses/W.2025-11-02_084903.a0f619ef,0.452893823,500,60503,0.2,0.01,0,0.2,-0.05,0,0,0.045618691,0.213585324,0.071373641,0.165364342,0.000355445,0.188483408,0.228372635,0.534317031,0.817844921,0.030735827
W.2025-11-01_174617.ea87ead1,/home/ayesha/SP-VAE-GCN/results/sweeps/losses/W.2025-11-01_174617.ea87ead1,0.510141194,130,60503,0.2,0.001,0,0.1,0,0.5,0.001,0.045689461,0.213750931,0.082089773,-0.02274781,-0.011340674,-0.023564573,0.067583421,0.61401111,0.903603979,0.029179109
W.2025-11-02_050828.5e5f9b69,/home/ayesha/SP-VAE-GCN/results/sweeps/losses/W.2025-11-02_050828.5e5f9b69,0.384455949,500,60503,0.1,0.05,0.5,0.1,-0.1,0,0.0001,0.046088109,0.214681413,0.071102356,0.167793857,0.084509911,0.190148169,0.229015998,0.531265453,0.813766715,0.030584777
W.2025-11-02_154522.a0a989d8,/home/ayesha/SP-VAE-GCN/results/sweeps/losses/W.2025-11-02_154522.a0a989d8,0.243222177,500,60503,0.05,0.05,0.5,0.2,-0.05,0,0.001,0.04623965,0.215034068,0.081462903,-0.016410357,-0.062420248,-0.021175457,0.072943555,0.611247525,0.907662793,0.028000246
W.2025-11-02_120158.026efe7c,/home/ayesha/SP-VAE-GCN/results/sweeps/losses/W.2025-11-02_120158.026efe7c,0.251301765,500,60503,0.1,0.05,0,0.05,-0.05,0,0.001,0.046272241,0.215109834,0.071283239,0.166792571,-0.014852341,0.188138611,0.227979079,0.534822859,0.818782045,0.030655221
W.2025-11-02_104957.5e7aed9d,/home/ayesha/SP-VAE-GCN/results/sweeps/losses/W.2025-11-02_104957.5e7aed9d,0.482077569,500,60503,0.2,0.05,0.5,0.1,-0.1,0,0.0001,0.046307616,0.215192045,0.071021248,0.168488605,0.081326587,0.190201644,0.229633881,0.528696523,0.80945273,0.0312465
W.2025-11-01_171912.82900385,/home/ayesha/SP-VAE-GCN/results/sweeps/losses/W.2025-11-01_171912.82900385,0.77285558,500,60503,0.2,0.05,1,0,-0.1,0.5,0.001,0.04670713,0.216118323,0.084124087,-0.073264811,-0.129540329,-0.061033153,0.035203406,0.634398661,0.925325909,0.034612201
W.2025-11-02_155757.6f413426,/home/ayesha/SP-VAE-GCN/results/sweeps/losses/W.2025-11-02_155757.6f413426,0.599872947,260,60503,0.2,0.01,0.5,0.2,-0.1,0.1,0.0001,0.046783572,0.216295104,0.07110131,0.168934669,0.088694271,0.195134204,0.229685226,0.529576723,0.806031095,0.033032841
W.2025-11-01_210227.8d3c052f,/home/ayesha/SP-VAE-GCN/results/sweeps/losses/W.2025-11-01_210227.8d3c052f,0.506381035,155,60503,0.1,0.01,1,0,-0.1,0.5,0,0.046794025,0.216319267,0.07106816,0.170478211,0.075171664,0.19329482,0.230641542,0.527547315,0.806177353,0.032680371
W.2025-11-02_062337.50de0cb8,/home/ayesha/SP-VAE-GCN/results/sweeps/losses/W.2025-11-02_062337.50de0cb8,0.420982242,500,60503,0.05,0.05,1,0.05,-0.1,0,0.001,0.046845356,0.216437881,0.079307985,0.032634092,0.084296628,0.021174428,0.11922865,0.581007871,0.875780372,0.03334138
W.2025-11-01_171127.5ec8bb91,/home/ayesha/SP-VAE-GCN/results/sweeps/losses/W.2025-11-01_171127.5ec8bb91,0.511023819,85,60503,0.2,0.001,0,0.05,-0.05,0.1,0.001,0.047397624,0.217709954,0.071503258,0.167420072,0.072141882,0.187267439,0.227138686,0.53585281,0.814931961,0.032127842
W.2025-11-01_184214.0c52af47,/home/ayesha/SP-VAE-GCN/results/sweeps/losses/W.2025-11-01_184214.0c52af47,0.478457868,172,60503,0.2,0.001,0.5,0.1,-0.05,0.1,0.0001,0.04763855,0.218262571,0.071295625,0.167782605,-0.009048204,0.190884105,0.227156422,0.535505676,0.815075762,0.032052743
W.2025-11-02_013528.2efcbb2d,/home/ayesha/SP-VAE-GCN/results/sweeps/losses/W.2025-11-02_013528.2efcbb2d,0.157513097,169,60503,0.05,0.001,0.5,0.05,-0.05,0.1,0.0001,0.047641922,0.218270295,0.071214493,0.167935226,0.077229677,0.191847524,0.227313536,0.533548912,0.811209808,0.03205755
W.2025-11-02_090611.6d6b607e,/home/ayesha/SP-VAE-GCN/results/sweeps/losses/W.2025-11-02_090611.6d6b607e,0.308366358,500,60503,0.1,0.01,0.5,0,-0.05,0,0,0.04786787,0.218787272,0.081607808,-0.008625908,-0.077079528,-0.020744252,0.083599822,0.61494731,0.912501532,0.032266112
W.2025-11-02_145947.cd323f49,/home/ayesha/SP-VAE-GCN/results/sweeps/losses/W.2025-11-02_145947.cd323f49,0.285426289,500,60503,0.05,0.05,1,0,-0.1,0.1,0.0001,0.04794393,0.218961024,0.077165825,0.081378922,0.132725297,0.072675269,0.154880096,0.557458367,0.847278675,0.032786339
W.2025-11-01_181956.1da50195,/home/ayesha/SP-VAE-GCN/results/sweeps/losses/W.2025-11-01_181956.1da50195,0.604540825,103,60503,0.2,0.001,0,0.2,-0.05,0.5,0.0001,0.048192393,0.21952766,0.082022342,-0.000747689,0.016033375,-0.011162658,0.080888212,0.608332889,0.900766158,0.027459993
W.2025-11-02_113602.e6e24762,/home/ayesha/SP-VAE-GCN/results/sweeps/losses/W.2025-11-02_113602.e6e24762,0.493407696,500,60503,0.2,0.01,0,0.1,-0.1,0,0.0001,0.048487119,0.220197908,0.071336106,0.16831215,0.045563749,0.188894647,0.227435301,0.53630097,0.815000987,0.032718966
W.2025-11-02_173047.c06d6d90,/home/ayesha/SP-VAE-GCN/results/sweeps/losses/W.2025-11-02_173047.c06d6d90,0.359184682,185,60503,0.05,0.01,0.5,0.1,-0.05,0.5,0,0.048626655,0.220514522,0.078477403,0.054151041,0.078729068,0.055394447,0.129742868,0.575835972,0.862248761,0.034046988
W.2025-11-02_061547.928b3da3,/home/ayesha/SP-VAE-GCN/results/sweeps/losses/W.2025-11-02_061547.928b3da3,0.509960055,398,60503,0.2,0.01,0,0.1,-0.05,0.1,0,0.048732478,0.220754339,0.071586436,0.167808955,0.019387636,0.185243981,0.226491951,0.539151028,0.821476481,0.032759228
W.2025-11-02_084026.a0879ca2,/home/ayesha/SP-VAE-GCN/results/sweeps/losses/W.2025-11-02_084026.a0879ca2,0.213582829,320,60503,0.05,0.01,1,0.1,-0.1,0.1,0.0001,0.048753912,0.22080288,0.071351695,0.168572072,0.11626145,0.189326786,0.227185697,0.535946005,0.812965601,0.033025425
W.2025-11-02_151449.924038e5,/home/ayesha/SP-VAE-GCN/results/sweeps/losses/W.2025-11-02_151449.924038e5,0.316002727,130,60503,0.1,0.001,2,0,-0.1,0.5,0.0001,0.04922565,0.221868542,0.071423867,0.168165498,0.044006944,0.187918352,0.226045259,0.537989762,0.816513039,0.03273711
W.2025-11-02_014724.95b0ac04,/home/ayesha/SP-VAE-GCN/results/sweeps/losses/W.2025-11-02_014724.95b0ac04,0.532818139,306,60503,0.2,0.01,0,0.1,-0.1,0.1,0.0001,0.049414482,0.222293684,0.071358177,0.168154906,0.060890123,0.188041151,0.226044653,0.538846536,0.81890202,0.032499594
W.2025-11-02_011624.733430b5,/home/ayesha/SP-VAE-GCN/results/sweeps/losses/W.2025-11-02_011624.733430b5,0.221098512,500,60503,0.05,0.05,0,0,-0.1,0.5,0,0.049441502,0.222354452,0.083610025,-0.064534904,0.019050749,-0.056588194,0.027198279,0.62405723,0.913309665,0.032145869
W.2025-11-02_014142.3df727d1,/home/ayesha/SP-VAE-GCN/results/sweeps/losses/W.2025-11-02_014142.3df727d1,0.206884474,99,60503,0.05,0.001,2,0.1,-0.1,0.5,0,0.04970463,0.222945353,0.071417808,0.168392448,0.058488954,0.188150141,0.225876063,0.539298858,0.815833676,0.032597591
W.2025-11-02_050457.1cd797be,/home/ayesha/SP-VAE-GCN/results/sweeps/losses/W.2025-11-02_050457.1cd797be,0.205408528,151,60503,0.05,0.001,2,0,-0.1,0.5,0,0.049726664,0.222994762,0.071534337,0.167743353,0.055611163,0.1866864,0.225306762,0.54247035,0.823914126,0.032304231
W.2025-11-02_102149.a68a3b5a,/home/ayesha/SP-VAE-GCN/results/sweeps/losses/W.2025-11-02_102149.a68a3b5a,0.230859235,87,60503,0.05,0.001,0,0,-0.1,0.1,0.0001,0.049798089,0.223154854,0.071536704,0.168143737,-0.01645196,0.185929983,0.225592226,0.54128906,0.822406198,0.032701285
W.2025-11-02_182731.318a263c,/home/ayesha/SP-VAE-GCN/results/sweeps/losses/W.2025-11-02_182731.318a263c,0.16454494,500,60503,0.05,0.01,0.5,0.1,-0.05,0,0.0001,0.050014574,0.223639383,0.082299302,-0.011296548,-0.021644741,-0.013786809,0.075173549,0.618515437,0.91205546,0.032093158
W.2025-11-02_165032.5a2b6a71,/home/ayesha/SP-VAE-GCN/results/sweeps/losses/W.2025-11-02_165032.5a2b6a71,0.330234647,87,60503,0.1,0.001,0,0.05,-0.1,0.1,0,0.05003131,0.223676798,0.071425409,0.168676743,0.131066764,0.187087678,0.225847788,0.539767524,0.819836062,0.032583955
W.2025-11-01_231709.6ab7ff9c,/home/ayesha/SP-VAE-GCN/results/sweeps/losses/W.2025-11-01_231709.6ab7ff9c,0.532431841,138,60503,0.2,0.001,0.5,0.1,-0.1,0.1,0.0001,0.05008344,0.223793298,0.071463074,0.168365142,0.025369902,0.187157389,0.225558444,0.541517133,0.82288395,0.032383408
W.2025-11-02_073056.ed107723,/home/ayesha/SP-VAE-GCN/results/sweeps/losses/W.2025-11-02_073056.ed107723,0.532180071,77,60503,0.2,0.001,0,0.05,0,0.5,0.0001,0.050107063,0.22384607,0.082717866,-0.036895988,0.01977428,-0.037019812,0.049395385,0.620354672,0.911053068,0.031191186
W.2025-11-02_034533.aeb662d6,/home/ayesha/SP-VAE-GCN/results/sweeps/losses/W.2025-11-02_034533.aeb662d6,0.381362617,500,60503,0.05,0.05,1,0,-0.1,0.1,0.001,0.050242259,0.22414785,0.07976095,0.033057652,-0.003308136,0.032080335,0.112890253,0.592288875,0.884220349,0.033780942
W.2025-11-02_144837.3c2d3d30,/home/ayesha/SP-VAE-GCN/results/sweeps/losses/W.2025-11-02_144837.3c2d3d30,0.49307099,500,60503,0.2,0.01,0,0,-0.05,0,0.0001,0.050259412,0.224186109,0.07812014,0.071639401,0.040886264,0.065331971,0.140893848,0.581360647,0.875144601,0.028693429
W.2025-11-02_050133.24c335d2,/home/ayesha/SP-VAE-GCN/results/sweeps/losses/W.2025-11-02_050133.24c335d2,0.249220133,500,60503,0.05,0.05,0,0.2,-0.1,0.1,0,0.050307364,0.224293031,0.079031009,0.050643564,0.070231925,0.030723552,0.122594869,0.579142113,0.874806896,0.028777527
W.2025-11-02_001403.33490f96,/home/ayesha/SP-VAE-GCN/results/sweeps/losses/W.2025-11-02_001403.33490f96,0.120125957,500,60503,0.05,0.001,0,0.05,-0.05,0,0,0.050501909,0.224726299,0.07146171,0.168313193,0.062680981,0.186892818,0.225202102,0.542438048,0.822004608,0.032689332
W.2025-11-01_185053.2f0b56e8,/home/ayesha/SP-VAE-GCN/results/sweeps/losses/W.2025-11-01_185053.2f0b56e8,0.450748324,500,60503,0.2,0.001,0.5,0.05,-0.1,0,0.0001,0.050539162,0.224809168,0.071444375,0.168402303,0.116520879,0.187700342,0.225277051,0.542466766,0.82160695,0.032780383
W.2025-11-02_162837.3f2c3c79,/home/ayesha/SP-VAE-GCN/results/sweeps/losses/W.2025-11-02_162837.3f2c3c79,0.181238934,308,60503,0.05,0.001,1,0,-0.05,0,0,0.050553704,0.224841508,0.082042737,0.002064363,0.103653567,-0.017371969,0.095748762,0.611034369,0.906135382,0.040012887
W.2025-11-01_214542.07f12f2e,/home/ayesha/SP-VAE-GCN/results/sweeps/losses/W.2025-11-01_214542.07f12f2e,0.337951362,500,60503,0.1,0.01,1,0.05,-0.1,0,0,0.050570653,0.224879196,0.079711902,0.066129022,0.007484406,0.041556982,0.142899665,0.581809447,0.879240622,0.037388746
W.2025-11-02_064903.3bb596b5,/home/ayesha/SP-VAE-GCN/results/sweeps/losses/W.2025-11-02_064903.3bb596b5,0.341021597,266,60503,0.1,0.001,2,0.1,-0.1,0,0.001,0.05073176,0.22523712,0.079431471,0.058210023,0.155862967,0.039918515,0.138007674,0.58817902,0.884257786,0.038137603
W.2025-11-02_070708.d2ed7458,/home/ayesha/SP-VAE-GCN/results/sweeps/losses/W.2025-11-02_070708.d2ed7458,0.227571428,400,60503,0.05,0.001,2,0.05,-0.1,0,0.0001,0.050748463,0.225274195,0.07910672,0.067450145,0.260792365,0.026457646,0.141227656,0.590369949,0.889440998,0.037358749
W.2025-11-01_204131.9be8456b,/home/ayesha/SP-VAE-GCN/results/sweeps/losses/W.2025-11-01_204131.9be8456b,0.358290911,500,60503,0.1,0.01,1,0.2,-0.1,0,0,0.050925078,0.225665855,0.083105072,-0.040723455,0.004320561,-0.035431651,0.054435954,0.63004225,0.925450131,0.034235777
W.2025-11-02_034216.750fc530,/home/ayesha/SP-VAE-GCN/results/sweeps/losses/W.2025-11-02_034216.750fc530,0.231023237,500,60503,0.05,0.05,0,0.2,-0.05,0.1,0.001,0.050954938,0.225732005,0.079094755,0.04984201,0.011341791,0.048132166,0.121756629,0.593610847,0.88682998,0.030516487
W.2025-11-02_011438.df81dc55,/home/ayesha/SP-VAE-GCN/results/sweeps/losses/W.2025-11-02_011438.df81dc55,0.309257865,87,60503,0.1,0.001,0,0.05,0,0.5,0.0001,0.051119648,0.226096546,0.085680438,-0.078835927,-0.112645099,-0.068972902,0.011582382,0.665626725,0.957228725,0.027436031
W.2025-11-02_180409.5634a381,/home/ayesha/SP-VAE-GCN/results/sweeps/losses/W.2025-11-02_180409.5634a381,0.240544453,500,60503,0.05,0.01,1,0,-0.1,0,0.001,0.051142587,0.226147269,0.079744752,0.049334065,0.149279236,0.034176229,0.129165054,0.592492782,0.889397617,0.037207373
W.2025-11-01_181253.10cd8597,/home/ayesha/SP-VAE-GCN/results/sweeps/losses/W.2025-11-01_181253.10cd8597,0.559820414,500,60503,0.2,0.01,1,0.05,-0.1,0.1,0,0.051144045,0.226150492,0.082566924,-0.035739249,-0.034970178,-0.023527525,0.051282572,0.626482117,0.917530528,0.031400899
W.2025-11-02_024009.6c04650b,/home/ayesha/SP-VAE-GCN/results/sweeps/losses/W.2025-11-02_024009.6c04650b,1.002258778,274,60503,0.2,0.05,0.5,0.1,-0.1,0.5,0.0001,0.051253504,0.226392368,0.080442482,0.041807594,0.047460158,0.024261673,0.116588872,0.588306771,0.878004011,0.034770368
W.2025-11-02_081241.5ec6a4b7,/home/ayesha/SP-VAE-GCN/results/sweeps/losses/W.2025-11-02_081241.5ec6a4b7,0.471764803,500,60503,0.1,0.05,1,0.1,-0.1,0.1,0.001,0.051538228,0.227020326,0.082391963,-0.01452757,-0.055842737,-0.015348457,0.07256948,0.617207331,0.909627002,0.034563889
W.2025-11-02_095316.be39190d,/home/ayesha/SP-VAE-GCN/results/sweeps/losses/W.2025-11-02_095316.be39190d,0.412250578,500,60503,0.1,0.05,0,0.05,-0.1,0.1,0.001,0.051553679,0.227054352,0.080866327,0.022317666,0.052093792,0.011252107,0.096894252,0.592279307,0.88737177,0.028853663
W.2025-11-01_213207.1a7052b1,/home/ayesha/SP-VAE-GCN/results/sweeps/losses/W.2025-11-01_213207.1a7052b1,0.158501461,500,60503,0.05,0.01,0.5,0.2,-0.05,0.1,0.001,0.051642137,0.227249063,0.082883329,-0.037958125,-0.078771321,-0.027400124,0.045689854,0.628668104,0.918073743,0.030928532
W.2025-11-01_225237.604866e3,/home/ayesha/SP-VAE-GCN/results/sweeps/losses/W.2025-11-01_225237.604866e3,0.572891891,500,60503,0.2,0.05,0.5,0.05,-0.1,0,0,0.051828055,0.227657757,0.081858941,-0.007390818,0.052351592,-0.010003532,0.070918813,0.61573097,0.912438043,0.027446749
W.2025-11-02_065826.0a8067d1,/home/ayesha/SP-VAE-GCN/results/sweeps/losses/W.2025-11-02_065826.0a8067d1,0.399638683,77,60503,0.1,0.001,0,0.1,-0.05,0.5,0,0.052230577,0.228540099,0.079043105,0.052399547,-0.001146112,0.050480638,0.121719872,0.593234369,0.885492812,0.030810572
W.2025-11-02_092752.df1281b9,/home/ayesha/SP-VAE-GCN/results/sweeps/losses/W.2025-11-02_092752.df1281b9,0.459716499,176,60503,0.2,0.001,0,0.2,0,0.1,0,0.052456836,0.229034573,0.084160284,-0.059802523,0.011305645,-0.051022166,0.026059232,0.632157983,0.921266277,0.032545902
W.2025-11-02_063258.c5cdb7b7,/home/ayesha/SP-VAE-GCN/results/sweeps/losses/W.2025-11-02_063258.c5cdb7b7,0.376963139,210,60503,0.1,0.01,0,0.2,-0.05,0.5,0.001,0.052460541,0.229042663,0.080551898,0.04273324,0.065784021,0.025548791,0.113642663,0.589454224,0.877900532,0.033968278
W.2025-11-02_062652.bc1530cf,/home/ayesha/SP-VAE-GCN/results/sweeps/losses/W.2025-11-02_062652.bc1530cf,0.183176532,121,60503,0.05,0.001,0.5,0.05,0,0.5,0.001,0.052705562,0.22957692,0.085144276,-0.070208891,-0.074860535,-0.060239266,0.017307979,0.650174252,0.937881905,0.031227945
W.2025-11-02_060157.9cb3963b,/home/ayesha/SP-VAE-GCN/results/sweeps/losses/W.2025-11-02_060157.9cb3963b,0.577086329,135,60503,0.2,0.001,0,0.1,-0.05,0.5,0,0.052757192,0.229689338,0.082607518,-0.01333792,-0.072379652,-0.010246124,0.065303989,0.642038799,0.940937361,0.027437924
W.2025-11-01_200427.3d2284b3,/home/ayesha/SP-VAE-GCN/results/sweeps/losses/W.2025-11-01_200427.3d2284b3,0.219291136,500,60503,0.05,0.01,1,0,-0.1,0,0,0.052828071,0.229843579,0.080157687,0.041891355,0.008008392,0.033939532,0.119360645,0.601721871,0.897664706,0.036199879
W.2025-11-02_091152.514c368e,/home/ayesha/SP-VAE-GCN/results/sweeps/losses/W.2025-11-02_091152.514c368e,0.178289428,500,60503,0.05,0.01,0.5,0,-0.05,0.1,0.0001,0.052835268,0.229859235,0.082579638,-0.013526615,-0.014832375,-0.016278342,0.068660442,0.617674793,0.907642968,0.034353359
W.2025-11-01_151112.8a5c1cbf,/home/ayesha/SP-VAE-GCN/results/sweeps/losses/W.2025-11-01_151112.8a5c1cbf,0.729426324,500,60503,0.2,0.05,0,0.1,-0.05,0.5,0,0.052881255,0.229959247,0.080500962,0.043023529,0.027555684,0.024657316,0.115680609,0.590425047,0.881975354,0.034024302
W.2025-11-02_070519.347090a7,/home/ayesha/SP-VAE-GCN/results/sweeps/losses/W.2025-11-02_070519.347090a7,0.30354929,264,60503,0.1,0.001,1,0.1,-0.1,0,0.0001,0.05315709,0.230558214,0.079644961,0.084545819,0.128951076,0.046334031,0.151940196,0.582233207,0.880356852,0.037682792
W.2025-11-01_201456.d42df0ba,/home/ayesha/SP-VAE-GCN/results/sweeps/losses/W.2025-11-01_201456.d42df0ba,0.540486038,500,60503,0.2,0.001,1,0,-0.1,0,0,0.053173638,0.230594097,0.078238654,0.074428184,0.169112698,0.06128561,0.143216976,0.586061119,0.884089396,0.033966851
W.2025-11-02_103935.a1fed623,/home/ayesha/SP-VAE-GCN/results/sweeps/losses/W.2025-11-02_103935.a1fed623,0.69622153,126,60503,0.1,0.01,1,0.05,-0.1,0.5,0.0001,0.053403575,0.231092136,0.078672816,0.0736221,0.055553609,0.063337725,0.138645673,0.583460737,0.872078418,0.032947041
W.2025-11-02_150359.577f86bb,/home/ayesha/SP-VAE-GCN/results/sweeps/losses/W.2025-11-02_150359.577f86bb,0.366750658,165,60503,0.05,0.01,0,0.2,-0.05,0.5,0,0.053433908,0.231157756,0.081653336,0.016836883,-0.045733163,0.007960743,0.091262076,0.611402323,0.902076995,0.034726947
W.2025-11-02_032114.85788621,/home/ayesha/SP-VAE-GCN/results/sweeps/losses/W.2025-11-02_032114.85788621,1.418858528,158,60503,0.2,0.05,0.5,0.05,-0.05,0.5,0.0001,0.053540496,0.231388194,0.080513454,0.028471983,-0.055357902,0.027557313,0.100016173,0.604187926,0.893339568,0.033108147
W.2025-11-02_010830.eb93ba15,/home/ayesha/SP-VAE-GCN/results/sweeps/losses/W.2025-11-02_010830.eb93ba15,0.251306236,113,60503,0.1,0.001,0,0,0,0.5,0.0001,0.053625803,0.231572458,0.085477387,-0.073045102,-0.074182832,-0.063141669,0.013738872,0.659173131,0.94841957,0.029592602
W.2025-11-02_064009.8c53f713,/home/ayesha/SP-VAE-GCN/results/sweeps/losses/W.2025-11-02_064009.8c53f713,0.579807758,500,60503,0.2,0.05,0,0,-0.1,0.1,0.001,0.053738294,0.231815214,0.078536246,0.07312492,0.085275884,0.064284015,0.138189286,0.585765658,0.878547791,0.031210177
W.2025-11-01_152042.1a5338e6,/home/ayesha/SP-VAE-GCN/results/sweeps/losses/W.2025-11-01_152042.1a5338e6,0.284808069,500,60503,0.1,0.01,0,0.05,-0.05,0,0,0.053826997,0.232006459,0.078493106,0.073640442,0.01944562,0.065828595,0.139102815,0.582777056,0.873022042,0.033024873
W.2025-11-02_011201.ddd0db95,/home/ayesha/SP-VAE-GCN/results/sweeps/losses/W.2025-11-02_011201.ddd0db95,0.38585332,141,60503,0.05,0.01,0,0.2,-0.1,0.5,0.0001,0.053944412,0.232259364,0.0814103,0.018728969,0.000319522,0.011626507,0.090878619,0.60769504,0.89804355,0.032399949
W.2025-11-02_105802.0a5d11da,/home/ayesha/SP-VAE-GCN/results/sweeps/losses/W.2025-11-02_105802.0a5d11da,0.41384086,237,60503,0.1,0.01,0,0,-0.05,0.5,0.0001,0.054022942,0.23242836,0.081299586,0.017741597,0.060704867,0.011256761,0.090085881,0.6072402,0.898637673,0.031991202
W.2025-11-02_011000.3e487951,/home/ayesha/SP-VAE-GCN/results/sweeps/losses/W.2025-11-02_011000.3e487951,0.410660863,165,60503,0.05,0.01,0,0.1,-0.1,0.5,0,0.05408189,0.232555134,0.079639568,0.050879335,-0.009938403,0.046354248,0.118600267,0.601373309,0.894560742,0.032433741
W.2025-11-02_071313.8c222aa3,/home/ayesha/SP-VAE-GCN/results/sweeps/losses/W.2025-11-02_071313.8c222aa3,0.465716958,253,60503,0.1,0.01,1,0.2,-0.1,0.5,0,0.054303413,0.233030927,0.079563529,0.051707662,0.020468078,0.051189289,0.119458019,0.598453979,0.887169211,0.033119341
W.2025-11-02_120102.8d09e304,/home/ayesha/SP-VAE-GCN/results/sweeps/losses/W.2025-11-02_120102.8d09e304,0.302636236,500,60503,0.1,0.05,0.5,0,-0.1,0,0.001,0.054314394,0.233054487,0.082556965,-0.01272387,0.038439907,-0.016592516,0.063214515,0.626431943,0.920292937,0.028440289
W.2025-11-01_215630.6c74f05f,/home/ayesha/SP-VAE-GCN/results/sweeps/losses/W.2025-11-01_215630.6c74f05f,0.523675978,500,60503,0.2,0.01,1,0,-0.1,0,0.001,0.054321622,0.233069993,0.083520925,-0.034586918,0.045672254,-0.035345277,0.051564783,0.634829333,0.931893535,0.034069011
W.2025-11-02_131147.4772387b,/home/ayesha/SP-VAE-GCN/results/sweeps/losses/W.2025-11-02_131147.4772387b,0.536507785,69,60503,0.2,0.001,0,0,-0.05,0.5,0.001,0.054550637,0.233560778,0.078662576,0.073977149,0.091764772,0.067022144,0.137872634,0.584715289,0.872951624,0.032266691
W.2025-11-02_015551.bbd66e8e,/home/ayesha/SP-VAE-GCN/results/sweeps/losses/W.2025-11-02_015551.bbd66e8e,0.294377744,500,60503,0.1,0.01,1,0,-0.1,0.1,0,0.054599916,0.233666249,0.08027489,0.030927353,0.045674398,0.033843611,0.101558844,0.601973837,0.89046608,0.032663828
W.2025-11-01_190131.8841a864,/home/ayesha/SP-VAE-GCN/results/sweeps/losses/W.2025-11-01_190131.8841a864,0.291493893,500,60503,0.1,0.01,0.5,0,-0.05,0.5,0.001,0.054606434,0.233680195,0.0808643,0.041478098,-0.014352739,0.023057229,0.109638628,0.596669997,0.886340199,0.033123984
W.2025-11-02_052621.52833696,/home/ayesha/SP-VAE-GCN/results/sweeps/losses/W.2025-11-02_052621.52833696,0.23227331,500,60503,0.05,0.01,1,0.1,-0.1,0,0.0001,0.054629768,0.233730118,0.084485003,-0.053734071,-0.019494606,-0.049113956,0.037061713,0.650884333,0.947467679,0.035370945
W.2025-11-01_190931.3d6a4af9,/home/ayesha/SP-VAE-GCN/results/sweeps/losses/W.2025-11-01_190931.3d6a4af9,0.159203231,386,60503,0.05,0.001,1,0.1,-0.1,0,0.0001,0.054677002,0.23383114,0.078436865,0.083671692,0.025387469,0.071670447,0.148950863,0.584811364,0.880921302,0.034785343
W.2025-11-02_131027.7d260d14,/home/ayesha/SP-VAE-GCN/results/sweeps/losses/W.2025-11-02_131027.7d260d14,0.535745919,54,60503,0.2,0.001,0,0.1,-0.05,0.1,0.001,0.054824073,0.234145409,0.078697505,0.073456453,-0.005757676,0.064470301,0.136928187,0.586167228,0.875921866,0.032509184
W.2025-11-02_060337.1d63b9fd,/home/ayesha/SP-VAE-GCN/results/sweeps/losses/W.2025-11-02_060337.1d63b9fd,0.351105571,149,60503,0.05,0.01,0,0.1,-0.05,0.5,0.0001,0.054827816,0.234153402,0.082457208,-0.006428884,-0.053839841,-0.003110684,0.068901074,0.629461464,0.917833726,0.033665399
W.2025-11-01_161017.d8058884,/home/ayesha/SP-VAE-GCN/results/sweeps/losses/W.2025-11-01_161017.d8058884,0.58131361,119,60503,0.2,0.001,0.5,0.05,-0.05,0.5,0.0001,0.0548592,0.234220409,0.083873767,-0.036194597,0.005468957,-0.036384762,0.042937067,0.632138047,0.920650979,0.032268187
W.2025-11-02_160845.7b67b3d4,/home/ayesha/SP-VAE-GCN/results/sweeps/losses/W.2025-11-02_160845.7b67b3d4,0.304149806,441,60503,0.05,0.05,0.5,0.2,-0.1,0.5,0,0.054964204,0.234444459,0.078635859,0.07415082,0.043393382,0.065994197,0.138001032,0.58504719,0.875710706,0.032864574
W.2025-11-02_131740.89332b1e,/home/ayesha/SP-VAE-GCN/results/sweeps/losses/W.2025-11-02_131740.89332b1e,0.492534757,150,60503,0.1,0.01,0,0.2,0,0.5,0,0.055031041,0.234586959,0.085098291,-0.065633492,-0.036188644,-0.057025754,0.017947654,0.649466011,0.937093071,0.032771111
W.2025-11-02_052719.c973637b,/home/ayesha/SP-VAE-GCN/results/sweeps/losses/W.2025-11-02_052719.c973637b,0.234833315,500,60503,0.05,0.05,0.5,0.1,-0.1,0.1,0.001,0.055084842,0.234701601,0.082004882,-0.004223143,0.005059568,-0.002761085,0.070652842,0.62490316,0.917356556,0.031972294
W.2025-11-02_031541.82d068e0,/home/ayesha/SP-VAE-GCN/results/sweeps/losses/W.2025-11-02_031541.82d068e0,0.258685231,500,60503,0.05,0.05,0,0.2,-0.05,0,0,0.055153468,0.234847755,0.07869035,0.07355679,0.070210938,0.065301168,0.136872516,0.586223479,0.875091762,0.031947136
W.2025-11-02_163152.b33839c7,/home/ayesha/SP-VAE-GCN/results/sweeps/losses/W.2025-11-02_163152.b33839c7,0.613693953,242,60503,0.2,0.01,0,0.2,-0.05,0.1,0,0.055428563,0.235432715,0.080947948,0.043677869,0.06606434,0.026106797,0.110435913,0.597566137,0.887624409,0.033573103
W.2025-11-02_175452.4a1bab1e,/home/ayesha/SP-VAE-GCN/results/sweeps/losses/W.2025-11-02_175452.4a1bab1e,0.499099672,326,60503,0.2,0.001,1,0.05,-0.1,0,0,0.055518682,0.235624026,0.07874885,0.076600349,0.071028596,0.066265944,0.14037858,0.58826367,0.882698683,0.033639484
W.2025-11-02_085639.5ef617bd,/home/ayesha/SP-VAE-GCN/results/sweeps/losses/W.2025-11-02_085639.5ef617bd,1.083976269,99,60503,0.2,0.01,1,0,-0.1,0.5,0.001,0.055619806,0.235838516,0.078814541,0.07353547,-0.003938934,0.066512454,0.136332542,0.588797105,0.878443046,0.033034003
W.2025-11-01_173540.15ce4da2,/home/ayesha/SP-VAE-GCN/results/sweeps/losses/W.2025-11-01_173540.15ce4da2,0.546450913,500,60503,0.2,0.01,0.5,0.1,-0.05,0.1,0.001,0.055845801,0.236317161,0.083542196,-0.035161533,-0.04680645,-0.024853667,0.044753717,0.640815532,0.931503934,0.033293358
W.2025-11-02_054146.3b316c6d,/home/ayesha/SP-VAE-GCN/results/sweeps/losses/W.2025-11-02_054146.3b316c6d,0.78422612,146,60503,0.2,0.01,1,0,-0.1,0.5,0.0001,0.055865133,0.236358061,0.083167127,-0.014828137,0.037309003,-0.018204774,0.059678132,0.628084731,0.917027781,0.033126528
W.2025-11-01_221713.51f58456,/home/ayesha/SP-VAE-GCN/results/sweeps/losses/W.2025-11-01_221713.51f58456,0.201446831,139,60503,0.05,0.001,0,0.05,-0.05,0.1,0,0.055927408,0.236489762,0.079675295,0.051938862,-0.058189891,0.048798091,0.117567732,0.606722093,0.903200717,0.030964023
W.2025-11-02_100640.6f639fed,/home/ayesha/SP-VAE-GCN/results/sweeps/losses/W.2025-11-02_100640.6f639fed,0.155699566,500,60503,0.05,0.01,0.5,0.05,-0.05,0,0.001,0.056030324,0.236707253,0.085144777,-0.067624385,-0.090034644,-0.057454999,0.021752591,0.656959595,0.951632192,0.033807288
W.2025-11-02_152021.1671b641,/home/ayesha/SP-VAE-GCN/results/sweeps/losses/W.2025-11-02_152021.1671b641,0.32505241,500,60503,0.05,0.05,0,0.2,-0.05,0.1,0,0.05606324,0.236776773,0.08309673,-0.013385118,0.02888254,-0.015340392,0.0624692,0.629787749,0.922402092,0.032522314
W.2025-11-02_093206.f4ca6ee2,/home/ayesha/SP-VAE-GCN/results/sweeps/losses/W.2025-11-02_093206.f4ca6ee2,0.506843865,148,60503,0.2,0.001,0,0.1,-0.05,0.1,0.0001,0.056070014,0.236791077,0.079027099,0.072390324,-0.038714049,0.064498221,0.134874696,0.595700021,0.892512765,0.031821564
W.2025-11-02_041018.fa72a485,/home/ayesha/SP-VAE-GCN/results/sweeps/losses/W.2025-11-02_041018.fa72a485,0.819036603,136,60503,0.2,0.01,0.5,0,-0.05,0.5,0.0001,0.056155855,0.236972266,0.083782513,-0.031526638,0.103908621,-0.030592944,0.045203252,0.631751901,0.919538,0.032933592
W.2025-11-01_213459.f41d671b,/home/ayesha/SP-VAE-GCN/results/sweeps/losses/W.2025-11-01_213459.f41d671b,0.610981524,500,60503,0.2,0.05,0,0,-0.1,0.1,0,0.056164944,0.236991442,0.080927557,0.044031693,0.029495254,0.025999994,0.109897151,0.599801781,0.893658879,0.032138323
W.2025-11-02_004701.f9305dfd,/home/ayesha/SP-VAE-GCN/results/sweeps/losses/W.2025-11-02_004701.f9305dfd,0.507560015,322,60503,0.05,0.05,0,0.05,-0.1,0.5,0,0.056224866,0.237117832,0.081874805,0.020261655,1.68E-05,0.009848239,0.090529076,0.61891005,0.912471469,0.033208013
W.2025-11-02_004604.cccc12c4,/home/ayesha/SP-VAE-GCN/results/sweeps/losses/W.2025-11-02_004604.cccc12c4,0.267121285,452,60503,0.1,0.001,0.5,0.1,-0.05,0,0.0001,0.056224957,0.237118023,0.082509462,0.01055406,0.166644348,-0.00414801,0.085229332,0.625005237,0.922456307,0.036544363
W.2025-11-01_231904.2d07d702,/home/ayesha/SP-VAE-GCN/results/sweeps/losses/W.2025-11-01_231904.2d07d702,0.425866604,150,60503,0.05,0.01,0.5,0.1,-0.1,0.5,0.0001,0.05622579,0.237119779,0.084297606,-0.039641413,-0.070021751,-0.03906807,0.037950524,0.640470863,0.929274958,0.031924555
W.2025-11-02_165922.4916aedc,/home/ayesha/SP-VAE-GCN/results/sweeps/losses/W.2025-11-02_165922.4916aedc,0.645993054,83,60503,0.2,0.001,0.5,0.2,-0.05,0.5,0.001,0.056312149,0.23730181,0.080735151,0.03038407,0.059377425,0.029357793,0.098229594,0.609864254,0.900054982,0.032387902
W.2025-11-02_141503.19000767,/home/ayesha/SP-VAE-GCN/results/sweeps/losses/W.2025-11-02_141503.19000767,0.583139658,111,60503,0.1,0.01,0.5,0.05,-0.1,0.5,0.0001,0.056356756,0.23739578,0.083178535,-0.015151828,0.067663102,-0.01772403,0.058562275,0.628214673,0.916624323,0.032710877
W.2025-11-02_060804.302c3369,/home/ayesha/SP-VAE-GCN/results/sweeps/losses/W.2025-11-02_060804.302c3369,0.659584403,500,60503,0.2,0.05,0,0,-0.1,0,0.001,0.056377813,0.237440124,0.084128383,-0.038093372,-0.019969462,-0.03690479,0.039253337,0.643949825,0.936336699,0.030118195
W.2025-11-01_184554.f7f30f9b,/home/ayesha/SP-VAE-GCN/results/sweeps/losses/W.2025-11-01_184554.f7f30f9b,0.142489895,203,60503,0.05,0.001,0,0,0,0.1,0,0.056403459,0.237494125,0.084437725,-0.037925871,0.001683974,-0.036318752,0.038927113,0.645839722,0.934470929,0.031772332
W.2025-11-02_051240.b6927258,/home/ayesha/SP-VAE-GCN/results/sweeps/losses/W.2025-11-02_051240.b6927258,2.488062859,132,60503,0.2,0.05,0.5,0.05,0,0.5,0.0001,0.056480887,0.237657079,0.078850468,0.074099266,0.024617555,0.065501778,0.136072879,0.589805671,0.879754345,0.032748288
W.2025-11-01_202743.3473a6e5,/home/ayesha/SP-VAE-GCN/results/sweeps/losses/W.2025-11-01_202743.3473a6e5,0.478839695,458,60503,0.1,0.05,0.5,0.1,-0.1,0.5,0.0001,0.056620181,0.237949955,0.081775434,0.018371959,0.032304622,0.010256436,0.088250569,0.61509893,0.906261109,0.033332373
W.2025-11-02_080112.e0405c23,/home/ayesha/SP-VAE-GCN/results/sweeps/losses/W.2025-11-02_080112.e0405c23,0.434681684,500,60503,0.1,0.05,0.5,0.2,-0.1,0,0.001,0.056719861,0.238159319,0.083118457,-0.012864747,0.021647856,-0.016916963,0.06073515,0.629430712,0.920009116,0.031783885
W.2025-11-02_140606.641ee918,/home/ayesha/SP-VAE-GCN/results/sweeps/losses/W.2025-11-02_140606.641ee918,0.49966979,500,60503,0.2,0.001,1,0.2,-0.1,0,0,0.056814108,0.238357101,0.081584925,0.00751221,0.199133207,0.005067656,0.081089963,0.627468562,0.925313931,0.033833277
W.2025-11-02_122250.1d22104c,/home/ayesha/SP-VAE-GCN/results/sweeps/losses/W.2025-11-02_122250.1d22104c,0.345522404,500,60503,0.05,0.05,0,0.1,-0.1,0,0.001,0.056836709,0.238404506,0.082097462,0.008981502,0.028963692,0.001296613,0.079072641,0.620107657,0.909925776,0.032058331
W.2025-11-01_230044.22bb3f94,/home/ayesha/SP-VAE-GCN/results/sweeps/losses/W.2025-11-01_230044.22bb3f94,0.310878456,500,60503,0.1,0.05,0.5,0.1,-0.1,0.1,0.001,0.056925197,0.238590018,0.083825037,-0.020878275,-0.146169808,-0.023299267,0.053340648,0.645072485,0.939618658,0.030738685
W.2025-11-02_134910.b15b8443,/home/ayesha/SP-VAE-GCN/results/sweeps/losses/W.2025-11-02_134910.b15b8443,0.48268348,500,60503,0.1,0.05,0.5,0.2,-0.1,0,0.0001,0.056936693,0.238614108,0.083194857,-0.016129288,0.019297993,-0.02005547,0.057499658,0.630605274,0.920874088,0.032168501
W.2025-11-02_182918.e2d74dc9,/home/ayesha/SP-VAE-GCN/results/sweeps/losses/W.2025-11-02_182918.e2d74dc9,0.808844268,133,60503,0.1,0.01,0.5,0,-0.05,0.5,0.0001,0.056962142,0.23866743,0.083345131,-0.01571397,-0.015380029,-0.018887219,0.05726728,0.633358729,0.923998481,0.031835794
W.2025-11-02_013933.84228cb4,/home/ayesha/SP-VAE-GCN/results/sweeps/losses/W.2025-11-02_013933.84228cb4,0.544856548,86,60503,0.2,0.001,0,0,-0.05,0.1,0,0.057047554,0.238846297,0.083532598,-0.0354715,0.120208146,-0.024058104,0.040462272,0.638915021,0.925751734,0.03254611
W.2025-11-02_011106.3615ba85,/home/ayesha/SP-VAE-GCN/results/sweeps/losses/W.2025-11-02_011106.3615ba85,0.189124957,331,60503,0.05,0.001,1,0.2,-0.1,0,0,0.057088915,0.238932868,0.081796071,0.012490533,0.146440665,0.012902511,0.085345063,0.628239696,0.923598571,0.034862467
W.2025-11-01_192009.cb42a98c,/home/ayesha/SP-VAE-GCN/results/sweeps/losses/W.2025-11-01_192009.cb42a98c,0.414499491,500,60503,0.05,0.05,0,0.05,-0.05,0.5,0.0001,0.057095608,0.238946873,0.081990941,0.017553234,-0.037774698,0.009366463,0.087547235,0.619906949,0.913437647,0.033746393
W.2025-11-02_112920.3813fd51,/home/ayesha/SP-VAE-GCN/results/sweeps/losses/W.2025-11-02_112920.3813fd51,0.261621505,68,60503,0.05,0.001,0,0.2,-0.05,0.5,0,0.057181677,0.239126905,0.081811799,0.018390265,0.006311755,0.010700229,0.08641065,0.616039015,0.908351599,0.032287535
W.2025-11-01_205534.6080d335,/home/ayesha/SP-VAE-GCN/results/sweeps/losses/W.2025-11-01_205534.6080d335,0.498739779,499,60503,0.1,0.05,0.5,0.05,-0.1,0.5,0.001,0.057213062,0.23919252,0.080938854,0.029786368,0.074024827,0.029152096,0.097577403,0.616040516,0.909844647,0.032433423
W.2025-11-02_005636.164de13f,/home/ayesha/SP-VAE-GCN/results/sweeps/losses/W.2025-11-02_005636.164de13f,0.33579281,93,60503,0.1,0.001,0.5,0.05,-0.05,0.5,0.001,0.057233603,0.239235455,0.080839538,0.029659611,0.007110733,0.029261997,0.096930038,0.614415445,0.907640337,0.032434015
W.2025-11-02_130928.83ba4b45,/home/ayesha/SP-VAE-GCN/results/sweeps/losses/W.2025-11-02_130928.83ba4b45,0.230526894,500,60503,0.05,0.01,1,0.2,-0.1,0,0.001,0.057285392,0.239343668,0.083279654,-0.006957246,-0.006617779,-0.015031485,0.069843319,0.635918775,0.933081975,0.035491916
W.2025-11-01_171256.d79e8a36,/home/ayesha/SP-VAE-GCN/results/sweeps/losses/W.2025-11-01_171256.d79e8a36,0.288913846,219,60503,0.05,0.01,0.5,0.2,-0.05,0.5,0.0001,0.057308687,0.239392328,0.083416135,-0.016147705,0.007681683,-0.020200131,0.057176677,0.634928221,0.925756431,0.033416824
W.2025-11-01_164328.f3c185dc,/home/ayesha/SP-VAE-GCN/results/sweeps/losses/W.2025-11-01_164328.f3c185dc,0.327522546,113,60503,0.1,0.001,0,0.1,-0.05,0.1,0,0.057354924,0.239488881,0.082454009,-0.005915213,0.027526814,-0.000983214,0.065563978,0.637268248,0.931413767,0.030815992
W.2025-11-02_104423.23b68026,/home/ayesha/SP-VAE-GCN/results/sweeps/losses/W.2025-11-02_104423.23b68026,0.295554399,347,60503,0.1,0.001,1,0.2,-0.1,0,0.001,0.057470468,0.23972999,0.08254403,-0.003896626,0.142207157,-0.004872397,0.071138711,0.637663119,0.933318397,0.035060693
W.2025-11-01_195554.0469e5a3,/home/ayesha/SP-VAE-GCN/results/sweeps/losses/W.2025-11-01_195554.0469e5a3,0.673357964,76,60503,0.2,0.001,0.5,0.2,-0.1,0.5,0,0.057514807,0.239822448,0.081984339,0.0187724,-0.066834878,0.010870177,0.086696356,0.622177656,0.917617188,0.031259873
W.2025-11-02_122616.f8a3de1a,/home/ayesha/SP-VAE-GCN/results/sweeps/losses/W.2025-11-02_122616.f8a3de1a,0.333076924,72,60503,0.1,0.001,0.5,0.05,-0.1,0.1,0.001,0.057533619,0.239861665,0.079013084,0.073960092,0.022423296,0.065276663,0.135012184,0.594578754,0.888762037,0.032741929
W.2025-11-01_163225.42b40f96,/home/ayesha/SP-VAE-GCN/results/sweeps/losses/W.2025-11-01_163225.42b40f96,0.633231163,217,60503,0.2,0.01,0,0,-0.05,0.5,0,0.057595228,0.239990059,0.08502899,-0.062059829,0.043769098,-0.053972753,0.017593179,0.652717145,0.943577327,0.032177067
W.2025-11-01_151525.040bac02,/home/ayesha/SP-VAE-GCN/results/sweeps/losses/W.2025-11-01_151525.040bac02,0.313988209,85,60503,0.1,0.001,1,0.1,-0.05,0.5,0.0001,0.057617243,0.240035921,0.081267939,0.04214347,0.035311745,0.022794704,0.106153588,0.604699765,0.895786676,0.032620407
W.2025-11-01_214640.f391e900,/home/ayesha/SP-VAE-GCN/results/sweeps/losses/W.2025-11-01_214640.f391e900,1.041373134,231,60503,0.1,0.05,2,0.2,0,0.5,0,0.057623749,0.240049472,0.083503548,-0.0159702,0.039692915,-0.020951683,0.05711924,0.635017525,0.923946119,0.033508264
W.2025-11-01_161420.fb69b3a4,/home/ayesha/SP-VAE-GCN/results/sweeps/losses/W.2025-11-01_161420.fb69b3a4,0.543385565,95,60503,0.2,0.001,0.5,0.05,-0.1,0.1,0,0.057654871,0.240114288,0.079019038,0.073819424,0.022270705,0.065337746,0.134786776,0.595159385,0.890023746,0.032598559
W.2025-11-01_153406.09f25bd4,/home/ayesha/SP-VAE-GCN/results/sweeps/losses/W.2025-11-01_153406.09f25bd4,0.519969523,232,60503,0.2,0.001,0.5,0.2,-0.05,0.1,0.0001,0.057734728,0.240280519,0.080972457,0.030084016,0.061230817,0.029274466,0.096676759,0.61519377,0.90589759,0.032984306
W.2025-11-02_001307.48e8a9e5,/home/ayesha/SP-VAE-GCN/results/sweeps/losses/W.2025-11-02_001307.48e8a9e5,0.476664811,500,60503,0.2,0.001,0.5,0.2,-0.1,0,0,0.057774203,0.240362649,0.078853057,0.077045465,0.00806341,0.067499406,0.137717826,0.594262334,0.892827144,0.032715728
W.2025-11-02_021509.fb77dc49,/home/ayesha/SP-VAE-GCN/results/sweeps/losses/W.2025-11-02_021509.fb77dc49,0.54241842,135,60503,0.1,0.01,0,0,-0.1,0.1,0,0.057812773,0.240442868,0.082139635,0.019978723,0.047126563,0.008457676,0.08697748,0.622490416,0.913077892,0.032683456
W.2025-11-01_212651.27ac2555,/home/ayesha/SP-VAE-GCN/results/sweeps/losses/W.2025-11-01_212651.27ac2555,0.398561418,148,60503,0.05,0.01,0.5,0.1,-0.1,0.1,0.001,0.057865711,0.240552927,0.082023865,0.020125033,0.068755384,0.008289604,0.087069953,0.620810276,0.911646539,0.032376564
W.2025-11-02_183254.311d7545,/home/ayesha/SP-VAE-GCN/results/sweeps/losses/W.2025-11-02_183254.311d7545,0.140888423,500,60503,0.05,0.05,0.5,0,-0.05,0,0.0001,0.057929317,0.2406851,0.084604455,-0.039108688,-0.128783575,-0.037605097,0.036438454,0.651213001,0.942675409,0.031476326
W.2025-11-01_220208.a8b5d9d9,/home/ayesha/SP-VAE-GCN/results/sweeps/losses/W.2025-11-01_220208.a8b5d9d9,0.603095174,179,60503,0.1,0.01,0,0.2,-0.1,0.5,0.0001,0.057950238,0.240728558,0.082480166,-0.004981228,-0.035424222,-0.003615045,0.066015235,0.634007264,0.925955071,0.032127768
W.2025-11-02_131922.4989b92a,/home/ayesha/SP-VAE-GCN/results/sweeps/losses/W.2025-11-02_131922.4989b92a,0.189252988,500,60503,0.05,0.01,0,0.1,-0.1,0,0.0001,0.057970743,0.240771142,0.080962198,0.029944719,0.00725479,0.029361723,0.096842468,0.616621767,0.909605888,0.032969145
W.2025-11-02_072259.3a9914c1,/home/ayesha/SP-VAE-GCN/results/sweeps/losses/W.2025-11-02_072259.3a9914c1,1.012463808,213,60503,0.1,0.05,0,0.1,-0.1,0.5,0.001,0.058133714,0.24110934,0.082729008,-0.0044917,-0.034956135,-0.002288568,0.066464032,0.636000039,0.926851485,0.032816169
W.2025-11-01_175325.f8231e6d,/home/ayesha/SP-VAE-GCN/results/sweeps/losses/W.2025-11-01_175325.f8231e6d,0.785756528,124,60503,0.1,0.01,2,0,-0.1,0.5,0,0.058236354,0.241322096,0.080968767,0.031162918,0.053624474,0.03113531,0.09723137,0.615400122,0.905505079,0.033016855
W.2025-11-02_074314.02b5a65a,/home/ayesha/SP-VAE-GCN/results/sweeps/losses/W.2025-11-02_074314.02b5a65a,0.351721525,143,60503,0.05,0.01,0,0,-0.1,0.1,0.0001,0.058279622,0.241411728,0.081295187,0.042439091,0.037030936,0.023593418,0.105811766,0.606044378,0.898022715,0.032906653
W.2025-11-01_234518.e669be0a,/home/ayesha/SP-VAE-GCN/results/sweeps/losses/W.2025-11-01_234518.e669be0a,0.564151108,121,60503,0.2,0.001,0,0.05,-0.05,0.5,0.0001,0.058280104,0.241412726,0.083988642,-0.0379101,-0.015295144,-0.02613413,0.037337531,0.654118798,0.947871837,0.030729413
W.2025-11-02_151158.3b11a5aa,/home/ayesha/SP-VAE-GCN/results/sweeps/losses/W.2025-11-02_151158.3b11a5aa,0.199804381,278,60503,0.05,0.01,0,0,-0.05,0.1,0.001,0.058380249,0.241620052,0.081335839,0.042205003,-0.018926518,0.024456209,0.10589088,0.60788186,0.902600478,0.032897026
W.2025-11-02_024524.9d6f6f58,/home/ayesha/SP-VAE-GCN/results/sweeps/losses/W.2025-11-02_024524.9d6f6f58,0.50960505,223,60503,0.1,0.01,0.5,0,-0.1,0.1,0.001,0.058516617,0.241902081,0.082586877,0.009692446,0.008677156,0.001743357,0.078023154,0.630579933,0.923295716,0.0334733
W.2025-11-02_074831.8e9c3c3a,/home/ayesha/SP-VAE-GCN/results/sweeps/losses/W.2025-11-02_074831.8e9c3c3a,0.579978406,174,60503,0.1,0.01,0,0.1,-0.05,0.5,0.0001,0.058529717,0.241929157,0.08262861,-0.004727052,-0.004176274,8.60E-05,0.065666401,0.637329827,0.928633176,0.032028485
W.2025-11-02_115311.7f558d8f,/home/ayesha/SP-VAE-GCN/results/sweeps/losses/W.2025-11-02_115311.7f558d8f,0.167434037,500,60503,0.05,0.01,0,0.2,-0.1,0,0.0001,0.058530717,0.241931224,0.081313084,0.042289763,-0.000244908,0.023840106,0.106002497,0.608158714,0.904279377,0.032477932
W.2025-11-02_113659.b0653b94,/home/ayesha/SP-VAE-GCN/results/sweeps/losses/W.2025-11-02_113659.b0653b94,1.039651752,95,60503,0.2,0.01,1,0.05,-0.05,0.5,0,0.058587506,0.24204856,0.08549253,-0.064928551,0.020165183,-0.056478717,0.013425121,0.657287623,0.945144262,0.032839185
W.2025-11-02_043054.37b181bf,/home/ayesha/SP-VAE-GCN/results/sweeps/losses/W.2025-11-02_043054.37b181bf,0.275990635,271,60503,0.05,0.01,1,0,-0.1,0.1,0.0001,0.058588909,0.242051459,0.08140709,0.042237253,-0.038888304,0.023233146,0.10560963,0.608774952,0.903079768,0.032926583
W.2025-11-02_051906.de0133a9,/home/ayesha/SP-VAE-GCN/results/sweeps/losses/W.2025-11-02_051906.de0133a9,0.299649954,397,60503,0.1,0.01,0,0.2,-0.05,0.1,0.0001,0.058590203,0.242054133,0.081339602,0.042452763,0.083158703,0.024154437,0.105801172,0.608129878,0.904018372,0.032550337
W.2025-11-02_164754.0979557e,/home/ayesha/SP-VAE-GCN/results/sweeps/losses/W.2025-11-02_164754.0979557e,0.403300345,283,60503,0.1,0.01,2,0,-0.1,0.5,0.0001,0.058603964,0.242082557,0.085714863,-0.066141121,-0.040377846,-0.056300169,0.014360221,0.662889899,0.953066692,0.034469039
W.2025-11-02_102538.35124220,/home/ayesha/SP-VAE-GCN/results/sweeps/losses/W.2025-11-02_102538.35124220,0.533590198,356,60503,0.2,0.01,0.5,0.2,-0.05,0.5,0,0.058639115,0.242155147,0.085427938,-0.065258432,-0.018587902,-0.056192605,0.014339128,0.659597237,0.951455989,0.032217432
W.2025-11-01_164037.83f97643,/home/ayesha/SP-VAE-GCN/results/sweeps/losses/W.2025-11-01_164037.83f97643,0.292816639,500,60503,0.05,0.05,0,0.2,-0.1,0,0,0.0586741,0.242227373,0.083753825,-0.017546701,-0.06332805,-0.021025928,0.054059074,0.640875869,0.931449644,0.032110365
W.2025-11-02_014532.b7233fd4,/home/ayesha/SP-VAE-GCN/results/sweeps/losses/W.2025-11-02_014532.b7233fd4,0.27414462,500,60503,0.05,0.05,0,0,-0.1,0,0.001,0.058676044,0.242231386,0.083621202,-0.016555591,-0.023626218,-0.021422912,0.05546242,0.641638173,0.935905089,0.030963151
W.2025-11-01_192735.2c91d7f9,/home/ayesha/SP-VAE-GCN/results/sweeps/losses/W.2025-11-01_192735.2c91d7f9,0.269893318,500,60503,0.05,0.05,0,0.1,-0.05,0.1,0.0001,0.058684637,0.242249121,0.08410148,-0.039213124,-0.133712209,-0.026481403,0.037257795,0.655498523,0.949364555,0.032352191
W.2025-11-02_090427.95283070,/home/ayesha/SP-VAE-GCN/results/sweeps/losses/W.2025-11-02_090427.95283070,0.479301214,153,60503,0.1,0.01,0.5,0.1,-0.1,0.5,0.0001,0.058691384,0.242263048,0.085443745,-0.063328141,0.01959488,-0.054924058,0.015353064,0.657938957,0.94755371,0.033318431
W.2025-11-02_125503.57a66152,/home/ayesha/SP-VAE-GCN/results/sweeps/losses/W.2025-11-02_125503.57a66152,0.643178582,251,60503,0.2,0.01,0.5,0.2,-0.1,0.1,0,0.058719846,0.242321781,0.083650106,-0.014615527,-0.001352298,-0.017201922,0.056833292,0.640348268,0.934356985,0.033065725
W.2025-11-01_164717.7fbef194,/home/ayesha/SP-VAE-GCN/results/sweeps/losses/W.2025-11-01_164717.7fbef194,0.370268941,500,60503,0.1,0.05,0.5,0.1,-0.1,0.1,0,0.058736691,0.242356537,0.084545793,-0.037370752,-0.026713488,-0.035572143,0.03821735,0.650111928,0.942967656,0.032474653
W.2025-11-01_225605.190bf167,/home/ayesha/SP-VAE-GCN/results/sweeps/losses/W.2025-11-01_225605.190bf167,0.193869427,141,60503,0.05,0.001,1,0.1,-0.05,0.5,0.0001,0.058743869,0.242371345,0.083326724,0.001682617,-0.018903711,-0.009601594,0.070005199,0.629680897,0.922757327,0.03141756
W.2025-11-01_175227.5596e1f0,/home/ayesha/SP-VAE-GCN/results/sweeps/losses/W.2025-11-01_175227.5596e1f0,0.345996886,500,60503,0.1,0.05,0,0.05,-0.1,0,0.0001,0.058768508,0.242422169,0.083224212,-0.013010161,0.030007605,-0.017302087,0.057873873,0.634500601,0.928232223,0.030994256
W.2025-11-02_104208.73b2682e,/home/ayesha/SP-VAE-GCN/results/sweeps/losses/W.2025-11-02_104208.73b2682e,0.852398813,221,60503,0.1,0.05,0,0.2,-0.1,0.5,0.0001,0.05890216,0.242697672,0.085659945,-0.065536031,0.015050168,-0.056178183,0.013826868,0.661608102,0.951176734,0.033849112
W.2025-11-01_234056.25c21f3e,/home/ayesha/SP-VAE-GCN/results/sweeps/losses/W.2025-11-01_234056.25c21f3e,0.498273194,114,60503,0.05,0.01,1,0.1,-0.1,0.5,0.001,0.058989976,0.24287852,0.085861093,-0.069076978,-0.053786484,-0.059728272,0.009501933,0.663739214,0.951464642,0.032835011
W.2025-11-01_184415.d6a332d3,/home/ayesha/SP-VAE-GCN/results/sweeps/losses/W.2025-11-01_184415.d6a332d3,0.588241041,113,60503,0.05,0.01,1,0.2,-0.1,0.5,0,0.059004811,0.242909059,0.083161897,0.003197034,-0.054814961,-0.008744151,0.071061663,0.624758223,0.915405454,0.032644177
W.2025-11-02_083313.fe6f232b,/home/ayesha/SP-VAE-GCN/results/sweeps/losses/W.2025-11-02_083313.fe6f232b,0.500522971,430,60503,0.2,0.001,1,0.1,-0.1,0,0.001,0.059136237,0.243179434,0.08395089,-0.019620642,0.062146565,-0.031203451,0.054994863,0.648721477,0.949785639,0.034732849
W.2025-11-01_201732.51be6f80,/home/ayesha/SP-VAE-GCN/results/sweeps/losses/W.2025-11-01_201732.51be6f80,0.643936574,119,60503,0.05,0.01,0.5,0,-0.1,0.5,0.0001,0.059181732,0.243272958,0.083953237,-0.017644062,-0.040534655,-0.020876832,0.05313497,0.645357924,0.936680133,0.032418114
W.2025-11-02_165200.5c31ebf7,/home/ayesha/SP-VAE-GCN/results/sweeps/losses/W.2025-11-02_165200.5c31ebf7,0.267074138,500,60503,0.1,0.01,0,0,-0.05,0,0.001,0.059185204,0.243280093,0.083687558,-0.016275051,-0.034272767,-0.019379923,0.055151352,0.640281442,0.932737211,0.032239348
W.2025-11-01_191027.8872551f,/home/ayesha/SP-VAE-GCN/results/sweeps/losses/W.2025-11-01_191027.8872551f,0.376680911,282,60503,0.1,0.01,0,0.1,-0.1,0.5,0,0.059215477,0.243342304,0.085022672,-0.055125464,0.091245401,-0.04638462,0.021774931,0.654391533,0.947542285,0.030700132
W.2025-11-01_152334.da994574,/home/ayesha/SP-VAE-GCN/results/sweeps/losses/W.2025-11-01_152334.da994574,0.664450169,194,60503,0.2,0.01,0,0.1,-0.1,0.1,0.001,0.059295835,0.243507361,0.081499135,0.042257813,0.00017697,0.023706145,0.104765448,0.610963646,0.905867467,0.032807894
W.2025-11-02_134035.a44abb86,/home/ayesha/SP-VAE-GCN/results/sweeps/losses/W.2025-11-02_134035.a44abb86,0.622613013,500,60503,0.2,0.05,0,0.1,-0.1,0,0.0001,0.059305917,0.243528062,0.083799711,-0.017170964,-0.044818901,-0.020491318,0.053789746,0.642349298,0.933446607,0.032339563
W.2025-11-02_133653.e621c735,/home/ayesha/SP-VAE-GCN/results/sweeps/losses/W.2025-11-02_133653.e621c735,1.048497558,187,60503,0.05,0.05,0.5,0.1,-0.1,0.5,0.0001,0.059428575,0.243779768,0.083653772,-0.01515414,0.104894549,-0.018271931,0.055373486,0.638523184,0.929635419,0.032690454
W.2025-11-02_082208.55c2545b,/home/ayesha/SP-VAE-GCN/results/sweeps/losses/W.2025-11-02_082208.55c2545b,0.657400966,132,60503,0.1,0.01,0.5,0,-0.1,0.5,0.001,0.059466673,0.243857895,0.084648766,-0.037143491,0.042417816,-0.037360152,0.036022202,0.648377946,0.938751929,0.031539117
W.2025-11-02_120430.8b30a448,/home/ayesha/SP-VAE-GCN/results/sweeps/losses/W.2025-11-02_120430.8b30a448,0.200631037,95,60503,0.05,0.001,0.5,0,-0.1,0.1,0.0001,0.059469895,0.2438645,0.081454886,0.042760096,0.005905335,0.024810576,0.104983344,0.610521098,0.906366003,0.032696594
W.2025-11-02_095054.4a03b8de,/home/ayesha/SP-VAE-GCN/results/sweeps/losses/W.2025-11-02_095054.4a03b8de,0.344830632,255,60503,0.1,0.01,0,0.1,-0.05,0.1,0.001,0.059532916,0.24399368,0.085698259,-0.065463904,0.028294105,-0.055894985,0.013331375,0.664410459,0.956611607,0.033340725
W.2025-11-02_164631.e249555b,/home/ayesha/SP-VAE-GCN/results/sweeps/losses/W.2025-11-02_164631.e249555b,0.406910866,69,60503,0.1,0.001,0,0.1,-0.1,0.5,0.0001,0.05957577,0.244081482,0.08240357,0.018912509,-0.034145181,0.006097416,0.084366241,0.631645526,0.927588904,0.03182424
W.2025-11-01_173441.d319c76e,/home/ayesha/SP-VAE-GCN/results/sweeps/losses/W.2025-11-01_173441.d319c76e,0.254808664,500,60503,0.05,0.05,0.5,0.05,-0.1,0,0.001,0.059664806,0.244263805,0.083758123,-0.015529004,-0.015625498,-0.018537302,0.054737497,0.642091702,0.934915194,0.031556546
W.2025-11-02_051443.54a9f48c,/home/ayesha/SP-VAE-GCN/results/sweeps/losses/W.2025-11-02_051443.54a9f48c,0.525918305,303,60503,0.05,0.05,1,0,-0.1,0.5,0.0001,0.059719375,0.244375479,0.08456662,-0.035367037,0.01825821,-0.034344884,0.038673168,0.650004355,0.942201359,0.033228689
W.2025-11-02_011142.a5bb986f,/home/ayesha/SP-VAE-GCN/results/sweeps/losses/W.2025-11-02_011142.a5bb986f,0.707513392,500,60503,0.2,0.05,0.5,0.1,-0.1,0.1,0.0001,0.059819156,0.244579549,0.084617717,-0.035305639,0.009884655,-0.03350119,0.038904654,0.651959946,0.946537352,0.032983704
W.2025-11-02_184157.40a0875a,/home/ayesha/SP-VAE-GCN/results/sweeps/losses/W.2025-11-02_184157.40a0875a,0.338256031,500,60503,0.05,0.05,0,0.2,-0.1,0,0.0001,0.059902746,0.244750375,0.085627088,-0.066214942,-0.021987021,-0.056996794,0.011278257,0.661608675,0.95171171,0.03208621
W.2025-11-02_030206.6db3ecd2,/home/ayesha/SP-VAE-GCN/results/sweeps/losses/W.2025-11-02_030206.6db3ecd2,0.236786857,500,60503,0.05,0.05,0,0,-0.05,0,0,0.05990541,0.244755818,0.08455694,-0.036128186,-0.010087557,-0.034968292,0.036722694,0.650858773,0.942575758,0.031419866
W.2025-11-02_071538.a0226e64,/home/ayesha/SP-VAE-GCN/results/sweeps/losses/W.2025-11-02_071538.a0226e64,0.245953694,500,60503,0.1,0.05,0,0.1,-0.05,0,0,0.059965572,0.244878689,0.084517193,-0.034753933,0.009954121,-0.033144496,0.037747743,0.649770022,0.941748377,0.030971068
W.2025-11-01_185843.ac6b6ce7,/home/ayesha/SP-VAE-GCN/results/sweeps/losses/W.2025-11-01_185843.ac6b6ce7,0.178882957,500,60503,0.05,0.01,0.5,0.1,-0.1,0,0.001,0.059967647,0.244882924,0.08286937,-0.003490681,-0.014880084,-0.001505633,0.066051726,0.641719843,0.936853954,0.032752788
W.2025-11-01_153902.e4095842,/home/ayesha/SP-VAE-GCN/results/sweeps/losses/W.2025-11-01_153902.e4095842,0.637884021,135,60503,0.1,0.01,0.5,0,-0.1,0.5,0,0.059981618,0.244911448,0.084801822,-0.036940689,0.073346142,-0.036958944,0.035898973,0.65038794,0.941210484,0.032832912
W.2025-11-02_084339.d2a33418,/home/ayesha/SP-VAE-GCN/results/sweeps/losses/W.2025-11-02_084339.d2a33418,0.270692021,500,60503,0.1,0.01,0.5,0.05,-0.1,0,0.001,0.060028271,0.245006676,0.084518925,-0.034679335,0.034752634,-0.033452256,0.038551197,0.653483376,0.951001939,0.03159549
W.2025-11-02_093800.db9e28bc,/home/ayesha/SP-VAE-GCN/results/sweeps/losses/W.2025-11-02_093800.db9e28bc,0.248561591,500,60503,0.05,0.05,0,0.05,-0.1,0.1,0.0001,0.060074948,0.245101913,0.084853908,-0.039369704,-0.011334078,-0.039274164,0.033766558,0.656456832,0.952923784,0.030803292
W.2025-11-02_000610.adff3c28,/home/ayesha/SP-VAE-GCN/results/sweeps/losses/W.2025-11-02_000610.adff3c28,0.166050315,337,60503,0.05,0.001,1,0.1,-0.05,0.5,0.001,0.060140151,0.24523489,0.083020801,-0.00446728,-0.057134286,-0.001417825,0.064331678,0.64359522,0.935860881,0.032920381
W.2025-11-02_144233.bcdd3845,/home/ayesha/SP-VAE-GCN/results/sweeps/losses/W.2025-11-02_144233.bcdd3845,0.863683581,331,60503,0.2,0.05,0,0.2,-0.1,0.5,0,0.060207202,0.245371558,0.085685845,-0.064496836,0.062981099,-0.055494253,0.013475613,0.663891284,0.956177956,0.033649124
W.2025-11-02_114533.0dc3daa7,/home/ayesha/SP-VAE-GCN/results/sweeps/losses/W.2025-11-02_114533.0dc3daa7,0.604299903,74,60503,0.2,0.001,1,0.1,-0.1,0.5,0.001,0.060217507,0.245392556,0.083959883,-0.016622529,-0.019798438,-0.020101533,0.052982937,0.645179578,0.937218361,0.032545945
W.2025-11-02_045454.e23578e8,/home/ayesha/SP-VAE-GCN/results/sweeps/losses/W.2025-11-02_045454.e23578e8,0.132434845,500,60503,0.05,0.001,0,0.1,-0.05,0,0.001,0.060244233,0.245447007,0.081232725,0.029994924,0.034919102,0.029901655,0.094558782,0.624018368,0.921393137,0.032712719
W.2025-11-01_170802.e806319c,/home/ayesha/SP-VAE-GCN/results/sweeps/losses/W.2025-11-01_170802.e806319c,0.238682434,500,60503,0.05,0.05,0,0,-0.1,0,0.0001,0.060287654,0.245535443,0.084600676,-0.03585994,0.031898382,-0.034414379,0.036715578,0.650041159,0.940544249,0.032606402
W.2025-11-02_161737.b0be9b65,/home/ayesha/SP-VAE-GCN/results/sweeps/losses/W.2025-11-02_161737.b0be9b65,0.478757381,500,60503,0.2,0.001,0.5,0.1,-0.1,0,0.001,0.060309118,0.245579147,0.081597818,0.043463563,-0.04699124,0.023925,0.105170273,0.614927464,0.916812034,0.032942337
W.2025-11-01_220656.f3c915ed,/home/ayesha/SP-VAE-GCN/results/sweeps/losses/W.2025-11-01_220656.f3c915ed,0.52975291,155,60503,0.2,0.001,1,0.2,-0.05,0.5,0.0001,0.060334318,0.245630451,0.084907636,-0.037485869,-0.11263953,-0.036098049,0.035094457,0.657216235,0.949562592,0.032316225
W.2025-11-01_194327.1536a8d5,/home/ayesha/SP-VAE-GCN/results/sweeps/losses/W.2025-11-01_194327.1536a8d5,0.203488648,87,60503,0.05,0.001,0,0.05,-0.05,0.5,0.0001,0.060356588,0.245675778,0.084019068,-0.016713852,0.017020172,-0.020052766,0.053006658,0.649339853,0.945063473,0.031383187
W.2025-11-02_180935.845fc993,/home/ayesha/SP-VAE-GCN/results/sweeps/losses/W.2025-11-02_180935.845fc993,0.482715249,500,60503,0.2,0.001,0,0.05,-0.05,0,0.0001,0.060445204,0.245856065,0.081603522,0.042239932,-0.05219348,0.023792278,0.103901525,0.614970621,0.915513855,0.032663933
W.2025-11-02_033609.994d9154,/home/ayesha/SP-VAE-GCN/results/sweeps/losses/W.2025-11-02_033609.994d9154,0.182637319,122,60503,0.05,0.001,0.5,0.1,-0.05,0.1,0.001,0.060467151,0.245900692,0.084105805,-0.017438161,-0.106315493,-0.020369609,0.052171505,0.650081152,0.946106419,0.031995234
W.2025-11-02_141731.d696a88e,/home/ayesha/SP-VAE-GCN/results/sweeps/losses/W.2025-11-02_141731.d696a88e,0.502389491,500,60503,0.2,0.001,0,0,-0.1,0,0,0.060486808,0.24594066,0.081287955,0.02987507,-0.043554709,0.029525549,0.094235988,0.625543259,0.924402966,0.032711142
W.2025-11-02_175213.88a9ddc8,/home/ayesha/SP-VAE-GCN/results/sweeps/losses/W.2025-11-02_175213.88a9ddc8,0.529857218,426,60503,0.2,0.01,0,0.05,-0.05,0.1,0,0.06053074,0.246029957,0.084253084,-0.036540381,0.01548951,-0.025212906,0.036824755,0.656274822,0.947730124,0.032987971
W.2025-11-02_154327.4dba0c8b,/home/ayesha/SP-VAE-GCN/results/sweeps/losses/W.2025-11-02_154327.4dba0c8b,0.512547016,500,60503,0.2,0.01,0,0.2,-0.1,0,0,0.06058966,0.24614967,0.083845437,-0.015537662,0.040386611,-0.019302843,0.054491136,0.643725338,0.937862783,0.032575772
W.2025-11-02_123450.abe07a3c,/home/ayesha/SP-VAE-GCN/results/sweeps/losses/W.2025-11-02_123450.abe07a3c,0.277189732,500,60503,0.1,0.01,0,0.05,-0.1,0,0,0.060592366,0.246155167,0.083881871,-0.016395092,-0.076385492,-0.019532219,0.053717989,0.645059063,0.940070632,0.032559003
W.2025-11-01_232604.79df6a11,/home/ayesha/SP-VAE-GCN/results/sweeps/losses/W.2025-11-01_232604.79df6a11,0.193845317,349,60503,0.05,0.001,1,0.2,-0.1,0,0.001,0.060650772,0.246273774,0.085547745,-0.055347976,0.072288683,-0.052050388,0.023348518,0.666177951,0.96338321,0.034772757
W.2025-11-02_174059.59c59b68,/home/ayesha/SP-VAE-GCN/results/sweeps/losses/W.2025-11-02_174059.59c59b68,0.498421133,299,60503,0.2,0.001,1,0.1,-0.1,0,0.0001,0.060704352,0.246382532,0.085557824,-0.052738017,0.007955495,-0.049918098,0.025058495,0.666215145,0.962030378,0.034690758
W.2025-11-01_185323.bfb41d83,/home/ayesha/SP-VAE-GCN/results/sweeps/losses/W.2025-11-01_185323.bfb41d83,0.372504592,92,60503,0.1,0.001,0.5,0.2,-0.1,0.1,0.001,0.060749678,0.246474497,0.082828625,0.009102414,0.075072649,0.001907583,0.075052956,0.636510586,0.931742038,0.032518226
W.2025-11-02_005539.9006888d,/home/ayesha/SP-VAE-GCN/results/sweeps/losses/W.2025-11-02_005539.9006888d,0.470531821,499,60503,0.2,0.001,0.5,0.2,-0.05,0,0,0.060816776,0.246610576,0.085358836,-0.046543795,0.049379982,-0.047285883,0.030349043,0.664895472,0.962299506,0.034839243
W.2025-11-02_011919.3c632bbd,/home/ayesha/SP-VAE-GCN/results/sweeps/losses/W.2025-11-02_011919.3c632bbd,0.247115791,500,60503,0.1,0.001,0,0.1,-0.1,0,0.001,0.060897362,0.246773908,0.081645724,0.042422888,0.063408147,0.023866728,0.10362274,0.615929646,0.917502498,0.032672264
W.2025-11-01_214058.15d5f59f,/home/ayesha/SP-VAE-GCN/results/sweeps/losses/W.2025-11-01_214058.15d5f59f,0.320339441,157,60503,0.1,0.001,0.5,0.05,-0.05,0.5,0,0.060917193,0.246814085,0.083482843,0.003390206,0.048827639,-0.007946928,0.069441602,0.632934344,0.928344024,0.031989859
W.2025-11-02_084730.bd21f673,/home/ayesha/SP-VAE-GCN/results/sweeps/losses/W.2025-11-02_084730.bd21f673,0.229913682,111,60503,0.05,0.001,0.5,0.05,-0.1,0.1,0.0001,0.060964431,0.246909762,0.082912033,-0.004792334,0.116114169,-1.85E-05,0.063333422,0.644143068,0.937044645,0.032267653
W.2025-11-02_104517.1980f765,/home/ayesha/SP-VAE-GCN/results/sweeps/losses/W.2025-11-02_104517.1980f765,0.285942078,500,60503,0.1,0.01,0.5,0,-0.1,0,0,0.060980112,0.246941516,0.084940806,-0.038092348,-0.052072182,-0.036117698,0.034825889,0.659184093,0.955089391,0.031905474
W.2025-11-02_184106.511726a3,/home/ayesha/SP-VAE-GCN/results/sweeps/losses/W.2025-11-02_184106.511726a3,0.297785282,500,60503,0.1,0.05,0,0.2,-0.1,0.1,0,0.06100981,0.24700164,0.084852039,-0.03688128,-0.050790607,-0.035364428,0.035101199,0.657340665,0.951817931,0.031778529
W.2025-11-02_072715.b5ed053d,/home/ayesha/SP-VAE-GCN/results/sweeps/losses/W.2025-11-02_072715.b5ed053d,0.156052947,492,60503,0.05,0.01,0.5,0.05,-0.1,0,0,0.061036911,0.247056493,0.084642338,-0.034350657,-0.007832935,-0.033671615,0.038033648,0.655622877,0.952578651,0.032027915
W.2025-11-01_155148.7fee3118,/home/ayesha/SP-VAE-GCN/results/sweeps/losses/W.2025-11-01_155148.7fee3118,0.604676247,111,60503,0.2,0.001,0,0.2,-0.1,0.5,0.001,0.061060961,0.247105161,0.083240514,-0.005138702,-0.042309251,-0.002778281,0.062859927,0.650246863,0.948633679,0.032055447
W.2025-11-02_162541.03085265,/home/ayesha/SP-VAE-GCN/results/sweeps/losses/W.2025-11-02_162541.03085265,0.310653925,83,60503,0.1,0.001,0,0.05,-0.05,0.1,0,0.061063388,0.247110072,0.085750839,-0.062103459,-0.018956326,-0.052827351,0.013173096,0.665347685,0.957558696,0.031679712
W.2025-11-02_151637.8a7fdef2,/home/ayesha/SP-VAE-GCN/results/sweeps/losses/W.2025-11-02_151637.8a7fdef2,0.207376555,127,60503,0.05,0.001,2,0.2,-0.1,0.5,0,0.061068523,0.247120463,0.083099385,-0.003708362,-0.098488783,-0.001680255,0.064049682,0.646735885,0.942435176,0.0324754
W.2025-11-02_030719.4f90b2c1,/home/ayesha/SP-VAE-GCN/results/sweeps/losses/W.2025-11-02_030719.4f90b2c1,0.248853266,63,60503,0.05,0.001,0.5,0.05,-0.1,0.1,0.001,0.061086472,0.247156776,0.082952126,-0.005343146,0.118257059,-6.48E-05,0.062733922,0.644191774,0.934980029,0.032704747
W.2025-11-02_024254.6d8143ad,/home/ayesha/SP-VAE-GCN/results/sweeps/losses/W.2025-11-02_024254.6d8143ad,0.187569901,108,60503,0.05,0.001,0.5,0,-0.05,0.1,0,0.061170623,0.247326957,0.084097237,-0.01716849,0.05063942,-0.0203764,0.051714028,0.64989944,0.943763724,0.032158597
W.2025-11-01_180758.63009f7a,/home/ayesha/SP-VAE-GCN/results/sweeps/losses/W.2025-11-01_180758.63009f7a,0.35361293,349,60503,0.1,0.01,1,0,-0.1,0.5,0.0001,0.061173192,0.247332148,0.084850521,-0.036345428,-0.060294192,-0.035053608,0.035713332,0.65626732,0.949713507,0.032890845
W.2025-11-01_192530.4dfee373,/home/ayesha/SP-VAE-GCN/results/sweeps/losses/W.2025-11-01_192530.4dfee373,0.197308719,192,60503,0.05,0.001,1,0,-0.1,0.5,0.0001,0.061173621,0.247333017,0.084078839,-0.022508362,0.081134566,-0.023213456,0.047495501,0.647370018,0.946628505,0.031688858
W.2025-11-02_001856.efe69627,/home/ayesha/SP-VAE-GCN/results/sweeps/losses/W.2025-11-02_001856.efe69627,0.612309754,118,60503,0.2,0.001,1,0.1,-0.1,0.1,0.001,0.06122925,0.247445449,0.082977471,-0.005705202,0.011370584,-0.000547423,0.062306847,0.646287319,0.940624154,0.032440271
W.2025-11-02_035500.5f4b4bc4,/home/ayesha/SP-VAE-GCN/results/sweeps/losses/W.2025-11-02_035500.5f4b4bc4,0.229375601,367,60503,0.05,0.01,0.5,0.05,-0.1,0.5,0.001,0.061235295,0.247457663,0.084475946,-0.037881277,-0.061579695,-0.027313161,0.034543058,0.662296304,0.957456414,0.03250067
W.2025-11-02_003954.776fab0a,/home/ayesha/SP-VAE-GCN/results/sweeps/losses/W.2025-11-02_003954.776fab0a,0.360564619,500,60503,0.05,0.05,0.5,0.2,-0.1,0.1,0.001,0.06128955,0.247567263,0.084839335,-0.03599779,0.019528867,-0.035057737,0.036207413,0.656120145,0.950597482,0.033183466
W.2025-11-02_101934.135b31f9,/home/ayesha/SP-VAE-GCN/results/sweeps/losses/W.2025-11-02_101934.135b31f9,0.323372215,246,60503,0.05,0.01,0.5,0.05,-0.1,0.5,0.0001,0.061380395,0.247750671,0.086327444,-0.070963625,-0.033071634,-0.060311847,0.00582346,0.677352243,0.972025998,0.031952257
W.2025-11-01_170857.ead12409,/home/ayesha/SP-VAE-GCN/results/sweeps/losses/W.2025-11-01_170857.ead12409,0.669624984,95,60503,0.05,0.01,0,0.2,-0.05,0.5,0.001,0.061414031,0.247818544,0.086178454,-0.070315225,-0.050347522,-0.060102304,0.005816042,0.671871734,0.962350354,0.032672377
W.2025-11-02_115408.ab548db9,/home/ayesha/SP-VAE-GCN/results/sweeps/losses/W.2025-11-02_115408.ab548db9,0.572282434,277,60503,0.2,0.01,0.5,0,-0.1,0.5,0.001,0.061486248,0.247964207,0.086135931,-0.066918578,-0.058018216,-0.057025341,0.009188075,0.672537926,0.964545806,0.032810995
W.2025-11-01_221042.777ebd20,/home/ayesha/SP-VAE-GCN/results/sweeps/losses/W.2025-11-01_221042.777ebd20,0.511624813,448,60503,0.1,0.05,0.5,0,-0.1,0.5,0.001,0.06150735,0.248006753,0.084867087,-0.036527504,-0.036906906,-0.035167464,0.035219185,0.65736167,0.952509162,0.032943966
W.2025-11-02_135334.422ad13b,/home/ayesha/SP-VAE-GCN/results/sweeps/losses/W.2025-11-02_135334.422ad13b,0.329325557,211,60503,0.05,0.01,0,0.1,-0.05,0.1,0.0001,0.061523591,0.248039494,0.084095673,-0.016526634,-0.010768371,-0.020072658,0.052162744,0.649722529,0.944467197,0.032845948
W.2025-11-02_020806.afd7338f,/home/ayesha/SP-VAE-GCN/results/sweeps/losses/W.2025-11-02_020806.afd7338f,0.241725028,81,60503,0.05,0.001,0,0.1,-0.1,0.5,0.0001,0.061603606,0.248200738,0.084161814,-0.016338674,-0.019500096,-0.019207386,0.052048507,0.651762312,0.949575861,0.032149629
W.2025-11-02_163415.a7c248b4,/home/ayesha/SP-VAE-GCN/results/sweeps/losses/W.2025-11-02_163415.a7c248b4,0.842174828,147,60503,0.1,0.01,0.5,0.1,-0.1,0.1,0.001,0.061620306,0.248234377,0.083010161,0.008304688,-0.057246698,0.001124565,0.073621296,0.641158721,0.938691702,0.03268329
W.2025-11-02_080851.ca6c5d7d,/home/ayesha/SP-VAE-GCN/results/sweeps/losses/W.2025-11-02_080851.ca6c5d7d,0.375018179,137,60503,0.05,0.01,0,0,-0.1,0.1,0,0.061645978,0.248286082,0.08623928,-0.070463169,-0.043184401,-0.060096055,0.005598956,0.673595045,0.964134158,0.032322319
W.2025-11-02_182550.b3295291,/home/ayesha/SP-VAE-GCN/results/sweeps/losses/W.2025-11-02_182550.b3295291,0.222123295,98,60503,0.05,0.001,0,0.2,-0.1,0.1,0,0.061663408,0.24832118,0.083246365,-0.004519491,-0.062625507,-0.002614151,0.062840074,0.65011847,0.947689897,0.032564737
W.2025-11-02_025035.4a50757d,/home/ayesha/SP-VAE-GCN/results/sweeps/losses/W.2025-11-02_025035.4a50757d,0.564198613,323,60503,0.2,0.01,0,0.05,-0.1,0.1,0,0.061729797,0.248454819,0.084113859,-0.016516875,0.062988672,-0.019701295,0.052015092,0.650379398,0.94639253,0.032632315
W.2025-11-02_005904.10d21e4d,/home/ayesha/SP-VAE-GCN/results/sweeps/losses/W.2025-11-02_005904.10d21e4d,0.269098341,252,60503,0.05,0.01,0,0.2,-0.1,0.5,0,0.06175641,0.24850837,0.086165499,-0.067081093,0.015060434,-0.057217384,0.008527043,0.673501033,0.966085218,0.032848746
W.2025-11-02_162931.6f758a53,/home/ayesha/SP-VAE-GCN/results/sweeps/losses/W.2025-11-02_162931.6f758a53,0.31658265,220,60503,0.05,0.01,0,0,-0.1,0.1,0.001,0.061769689,0.248535086,0.083433973,0.004065998,0.073824792,-0.007533989,0.069381799,0.63249837,0.929227056,0.032434977
W.2025-11-01_213855.930602c7,/home/ayesha/SP-VAE-GCN/results/sweeps/losses/W.2025-11-01_213855.930602c7,0.448854834,138,60503,0.05,0.01,0.5,0.1,-0.1,0.1,0.0001,0.061787695,0.248571307,0.084556562,-0.037671787,-0.062374598,-0.026096489,0.034122362,0.663700419,0.955860173,0.033115302
W.2025-11-02_094501.9fe332c8,/home/ayesha/SP-VAE-GCN/results/sweeps/losses/W.2025-11-02_094501.9fe332c8,0.40034619,281,60503,0.1,0.01,0.5,0,-0.1,0.5,0.0001,0.061845506,0.248687568,0.086117019,-0.067706624,-0.020100917,-0.058073288,0.007955079,0.671682669,0.963954414,0.033001163
W.2025-11-02_061924.3b31c165,/home/ayesha/SP-VAE-GCN/results/sweeps/losses/W.2025-11-02_061924.3b31c165,0.169770658,500,60503,0.05,0.01,0,0.1,-0.05,0,0,0.061872909,0.248742657,0.08618851,-0.07021231,-0.008795827,-0.059812458,0.005963026,0.674078695,0.967547212,0.031740682
W.2025-11-02_021411.ecf61587,/home/ayesha/SP-VAE-GCN/results/sweeps/losses/W.2025-11-02_021411.ecf61587,0.288242936,500,60503,0.1,0.01,0.5,0.2,-0.1,0,0.001,0.061878817,0.248754531,0.08487018,-0.035730144,-0.038240057,-0.034130702,0.035665003,0.658168072,0.954282136,0.032396173
W.2025-11-02_162409.0911d77a,/home/ayesha/SP-VAE-GCN/results/sweeps/losses/W.2025-11-02_162409.0911d77a,0.596152127,80,60503,0.2,0.001,2,0.1,-0.1,0.5,0.0001,0.061971797,0.248941353,0.084109502,-0.016419876,0.021976669,-0.019762452,0.051708655,0.650047334,0.94532561,0.032610381
W.2025-11-01_235231.fd66cd5b,/home/ayesha/SP-VAE-GCN/results/sweeps/losses/W.2025-11-01_235231.fd66cd5b,0.243535221,258,60503,0.05,0.01,0,0.05,-0.1,0.1,0.0001,0.061981693,0.248961228,0.084572591,-0.0380605,-0.047557463,-0.025911203,0.033652336,0.664753286,0.958558277,0.032655863
W.2025-11-02_184505.744ca908,/home/ayesha/SP-VAE-GCN/results/sweeps/losses/W.2025-11-02_184505.744ca908,0.560109913,130,60503,0.2,0.001,1,0,-0.1,0.5,0,0.061982972,0.248963797,0.084836053,-0.035813607,-0.051122628,-0.034411587,0.034940031,0.659838776,0.958601691,0.031561422
W.2025-11-02_092057.d466f0e4,/home/ayesha/SP-VAE-GCN/results/sweeps/losses/W.2025-11-02_092057.d466f0e4,0.479089439,500,60503,0.2,0.01,0.5,0,-0.1,0,0.001,0.062011898,0.249021882,0.086016623,-0.066031697,-0.050214704,-0.056001774,0.010397283,0.672470924,0.968309722,0.032311103
W.2025-11-02_063912.6617f05e,/home/ayesha/SP-VAE-GCN/results/sweeps/losses/W.2025-11-02_063912.6617f05e,0.298070967,500,60503,0.1,0.01,0,0.2,-0.1,0,0,0.06202875,0.249055716,0.084918071,-0.036277918,-0.018035611,-0.034597519,0.034983319,0.658695513,0.954804547,0.032428474
W.2025-11-02_073653.709fe47d,/home/ayesha/SP-VAE-GCN/results/sweeps/losses/W.2025-11-02_073653.709fe47d,0.349336892,97,60503,0.1,0.001,0,0.05,-0.05,0.5,0,0.062037654,0.249073591,0.085988152,-0.064068803,-0.010184228,-0.055303892,0.010890902,0.672780534,0.967517748,0.031817429
W.2025-11-01_232043.9800f695,/home/ayesha/SP-VAE-GCN/results/sweeps/losses/W.2025-11-01_232043.9800f695,0.169369817,448,60503,0.05,0.01,1,0.1,-0.1,0.1,0,0.0620573,0.249113026,0.084950087,-0.036065285,-0.014936067,-0.034674928,0.035102505,0.658937282,0.954398851,0.033014379
W.2025-11-02_030028.a2ba710f,/home/ayesha/SP-VAE-GCN/results/sweeps/losses/W.2025-11-02_030028.a2ba710f,0.789022505,97,60503,0.05,0.01,1,0.05,-0.1,0.5,0,0.062149163,0.249297338,0.08490411,-0.035795169,-0.031828697,-0.034116865,0.034772491,0.65767616,0.950974892,0.032396754
W.2025-11-02_110221.f498de66,/home/ayesha/SP-VAE-GCN/results/sweeps/losses/W.2025-11-02_110221.f498de66,0.245702028,82,60503,0.05,0.001,0,0,-0.1,0.5,0.001,0.062289151,0.249577945,0.084211674,-0.016906513,0.018751276,-0.020140462,0.051072305,0.653135446,0.950625257,0.032408186
W.2025-11-01_194553.ce6e262b,/home/ayesha/SP-VAE-GCN/results/sweeps/losses/W.2025-11-01_194553.ce6e262b,0.302834511,500,60503,0.1,0.001,0,0.2,-0.1,0,0.0001,0.062318372,0.24963648,0.083066961,0.008448021,0.002769472,0.001180366,0.073252646,0.643369499,0.946023976,0.032719742
W.2025-11-01_195717.88118155,/home/ayesha/SP-VAE-GCN/results/sweeps/losses/W.2025-11-01_195717.88118155,0.176515803,500,60503,0.05,0.05,0,0.05,-0.1,0,0,0.062324079,0.24964791,0.086133562,-0.06876954,0.001935309,-0.05851909,0.006366254,0.67443826,0.968632139,0.031260756
W.2025-11-02_164404.7a72565f,/home/ayesha/SP-VAE-GCN/results/sweeps/losses/W.2025-11-02_164404.7a72565f,0.534494877,221,60503,0.2,0.001,1,0.05,-0.1,0.1,0.0001,0.062325684,0.249651126,0.084465908,-0.037049307,0.093015531,-0.025479353,0.034053393,0.663892742,0.959584919,0.032219268
W.2025-11-01_211523.b5c5d3ad,/home/ayesha/SP-VAE-GCN/results/sweeps/losses/W.2025-11-01_211523.b5c5d3ad,0.213397115,109,60503,0.05,0.001,1,0.05,-0.1,0.1,0.0001,0.062338544,0.249676878,0.084295242,-0.016992164,-0.02483004,-0.020171008,0.050903948,0.654991878,0.953263544,0.032274238
W.2025-11-02_181841.b696f8ad,/home/ayesha/SP-VAE-GCN/results/sweeps/losses/W.2025-11-02_181841.b696f8ad,0.184045702,397,60503,0.05,0.01,0.5,0.2,-0.1,0,0,0.062385283,0.24977046,0.086118424,-0.066492063,-0.053549074,-0.056693915,0.008972115,0.672965638,0.96658265,0.032773564
W.2025-11-02_154139.e374f416,/home/ayesha/SP-VAE-GCN/results/sweeps/losses/W.2025-11-02_154139.e374f416,0.544645071,134,60503,0.2,0.001,1,0,-0.1,0.1,0.0001,0.0623933,0.249786509,0.084156073,-0.015596306,-0.002897254,-0.01870911,0.052049544,0.650937688,0.948148703,0.032483166
W.2025-11-01_233401.d2c0f89e,/home/ayesha/SP-VAE-GCN/results/sweeps/losses/W.2025-11-01_233401.d2c0f89e,0.214995891,77,60503,0.05,0.001,0,0,-0.05,0.5,0,0.062394828,0.249789568,0.08622362,-0.066557012,-0.016351291,-0.056683825,0.008202467,0.674707376,0.96672409,0.032246673
W.2025-11-02_140349.48846571,/home/ayesha/SP-VAE-GCN/results/sweeps/losses/W.2025-11-02_140349.48846571,0.328149378,500,60503,0.1,0.01,0.5,0.2,-0.1,0,0,0.062414309,0.249828559,0.086238441,-0.069732815,-0.019998034,-0.059319483,0.00673078,0.676443499,0.972109897,0.032656744
W.2025-11-02_134713.5a9b104f,/home/ayesha/SP-VAE-GCN/results/sweeps/losses/W.2025-11-02_134713.5a9b104f,0.162320599,186,60503,0.05,0.001,0.5,0.05,-0.05,0.1,0.001,0.062464746,0.249929483,0.084703967,-0.038355215,-0.082350503,-0.026611945,0.032880967,0.668494142,0.96505496,0.032246293
W.2025-11-02_131603.21744d2e,/home/ayesha/SP-VAE-GCN/results/sweeps/losses/W.2025-11-02_131603.21744d2e,0.201862156,104,60503,0.05,0.001,1,0.2,-0.1,0.1,0.0001,0.062513394,0.250026787,0.0845431,-0.037186025,-0.008213757,-0.025922785,0.033835269,0.663145402,0.955334632,0.032678352
W.2025-11-02_111429.b34c7f02,/home/ayesha/SP-VAE-GCN/results/sweeps/losses/W.2025-11-02_111429.b34c7f02,0.251735568,205,60503,0.05,0.01,0,0.2,-0.1,0.1,0,0.062579933,0.250159814,0.084984299,-0.035625227,-0.003590964,-0.033892759,0.03468737,0.659679803,0.954906574,0.032862763
W.2025-11-02_075122.cc5d80e9,/home/ayesha/SP-VAE-GCN/results/sweeps/losses/W.2025-11-02_075122.cc5d80e9,0.26123029,500,60503,0.1,0.001,0,0.1,-0.1,0,0.0001,0.062588814,0.250177565,0.08329231,-0.004081891,0.030537527,-0.002385621,0.062537681,0.651936013,0.952484483,0.032704718
W.2025-11-02_174642.843fb0fb,/home/ayesha/SP-VAE-GCN/results/sweeps/losses/W.2025-11-02_174642.843fb0fb,0.192548633,137,60503,0.05,0.001,0.5,0.2,-0.05,0.1,0.0001,0.062600169,0.250200257,0.086277526,-0.069015597,0.036065943,-0.058551035,0.005771523,0.674353301,0.965753594,0.032949371
W.2025-11-01_153729.7b58a906,/home/ayesha/SP-VAE-GCN/results/sweeps/losses/W.2025-11-01_153729.7b58a906,0.23035638,112,60503,0.05,0.001,0,0,-0.1,0.5,0.0001,0.062664864,0.25032951,0.08428106,-0.016894919,-0.018291543,-0.020104187,0.05080868,0.655155505,0.955016694,0.032203915
W.2025-11-01_231526.51da556b,/home/ayesha/SP-VAE-GCN/results/sweeps/losses/W.2025-11-01_231526.51da556b,0.543360531,132,60503,0.2,0.001,1,0.05,-0.1,0.1,0.001,0.062673489,0.250346737,0.084966975,-0.035848653,0.015256358,-0.034221947,0.034310323,0.65992411,0.955936827,0.032570533
W.2025-11-02_090707.f27a3272,/home/ayesha/SP-VAE-GCN/results/sweeps/losses/W.2025-11-02_090707.f27a3272,0.268715233,500,60503,0.1,0.01,0.5,0.1,-0.1,0,0.001,0.062674627,0.250349011,0.086273308,-0.067261651,-0.079528896,-0.057148364,0.007800502,0.677070111,0.97278597,0.03252129
W.2025-11-01_201554.81626863,/home/ayesha/SP-VAE-GCN/results/sweeps/losses/W.2025-11-01_201554.81626863,0.575424492,123,60503,0.2,0.001,2,0.1,-0.1,0.5,0.001,0.062675421,0.250350596,0.085086034,-0.036106776,-0.055566305,-0.034434982,0.033982541,0.661367771,0.954924402,0.032925382
W.2025-11-02_180407.4444b5e9,/home/ayesha/SP-VAE-GCN/results/sweeps/losses/W.2025-11-02_180407.4444b5e9,0.327894986,93,60503,0.05,0.001,1,0.1,-0.1,0.5,0.0001,0.062689935,0.250379581,0.085333845,-0.045102054,0.039209167,-0.040483229,0.026345248,0.666449508,0.963117604,0.031902297
W.2025-11-01_181610.6d68104f,/home/ayesha/SP-VAE-GCN/results/sweeps/losses/W.2025-11-01_181610.6d68104f,0.481424272,500,60503,0.2,0.01,0.5,0.05,-0.1,0,0.0001,0.062699832,0.250399344,0.086125421,-0.066245369,-0.007271389,-0.056360176,0.008944841,0.673994724,0.969155431,0.032322866
W.2025-11-02_095643.76f6f75b,/home/ayesha/SP-VAE-GCN/results/sweeps/losses/W.2025-11-02_095643.76f6f75b,0.3688218,66,60503,0.1,0.001,0.5,0.1,-0.1,0.5,0.0001,0.062706262,0.250412185,0.086188162,-0.064883869,-0.038414599,-0.05591305,0.009185029,0.675548743,0.970284056,0.03206539
W.2025-11-02_045133.03fb4c65,/home/ayesha/SP-VAE-GCN/results/sweeps/losses/W.2025-11-02_045133.03fb4c65,0.569629312,68,60503,0.2,0.001,0.5,0,-0.1,0.1,0.001,0.062786581,0.250572507,0.085105661,-0.036315334,-0.098911319,-0.034621813,0.033733386,0.662065806,0.956464162,0.032698393
W.2025-11-01_223227.dd993083,/home/ayesha/SP-VAE-GCN/results/sweeps/losses/W.2025-11-01_223227.dd993083,0.56582284,87,60503,0.2,0.001,1,0,-0.05,0.5,0,0.062864029,0.250727001,0.086226762,-0.065897547,0.032120944,-0.056151521,0.008171727,0.673379426,0.962884198,0.033010572
W.2025-11-02_012317.dc05d0bd,/home/ayesha/SP-VAE-GCN/results/sweeps/losses/W.2025-11-02_012317.dc05d0bd,0.253516912,69,60503,0.05,0.001,0,0.2,-0.05,0.5,0.0001,0.062883831,0.250766488,0.086245821,-0.068446661,-0.009534232,-0.058858861,0.005945828,0.675624036,0.969193066,0.032263572
W.2025-11-02_140949.03d84298,/home/ayesha/SP-VAE-GCN/results/sweeps/losses/W.2025-11-02_140949.03d84298,0.292651951,187,60503,0.05,0.01,0.5,0,-0.1,0.1,0.0001,0.062903513,0.250805727,0.086269207,-0.065354437,-0.091835836,-0.056027306,0.008998475,0.67642257,0.969939107,0.033340426
W.2025-11-02_160712.889168be,/home/ayesha/SP-VAE-GCN/results/sweeps/losses/W.2025-11-02_160712.889168be,0.380957127,99,60503,0.1,0.001,0,0.05,-0.1,0.5,0.0001,0.062913914,0.250826462,0.08418579,-0.015659391,0.001920783,-0.018894672,0.051596266,0.65243603,0.951720179,0.032452265
W.2025-11-02_101639.578b28e5,/home/ayesha/SP-VAE-GCN/results/sweeps/losses/W.2025-11-02_101639.578b28e5,0.374418646,93,60503,0.1,0.001,1,0.1,-0.1,0.5,0,0.062935361,0.250869211,0.08625667,-0.066200098,-0.021229602,-0.056430876,0.00780338,0.675395551,0.968393934,0.032523071
W.2025-11-02_145454.44a8b13f,/home/ayesha/SP-VAE-GCN/results/sweeps/losses/W.2025-11-02_145454.44a8b13f,0.481156975,500,60503,0.2,0.001,0,0,-0.05,0,0.0001,0.062939454,0.250877368,0.084217548,-0.015652798,0.02725453,-0.019017358,0.051712661,0.653021458,0.951840098,0.032578129
W.2025-11-02_063132.b095f4db,/home/ayesha/SP-VAE-GCN/results/sweeps/losses/W.2025-11-02_063132.b095f4db,0.346355051,71,60503,0.1,0.001,0.5,0,-0.1,0.1,0.0001,0.062946889,0.250892186,0.084602986,-0.037454885,-0.065674018,-0.025845538,0.033234545,0.665574498,0.960110164,0.032561467
W.2025-11-02_015625.2273baac,/home/ayesha/SP-VAE-GCN/results/sweeps/losses/W.2025-11-02_015625.2273baac,0.196469277,112,60503,0.05,0.001,0.5,0,-0.1,0.1,0,0.062953994,0.250906345,0.084677409,-0.037864514,-0.052507135,-0.026251107,0.032872628,0.667963095,0.964197196,0.032425453
W.2025-11-02_161608.739e3c5f,/home/ayesha/SP-VAE-GCN/results/sweeps/losses/W.2025-11-02_161608.739e3c5f,0.565049946,83,60503,0.2,0.001,0,0.05,-0.1,0.5,0,0.062958787,0.250915895,0.086236364,-0.065693782,-0.084652053,-0.055675786,0.008419701,0.676345043,0.970851796,0.031667296
W.2025-11-01_185151.2d2dc5da,/home/ayesha/SP-VAE-GCN/results/sweeps/losses/W.2025-11-01_185151.2d2dc5da,0.563501358,90,60503,0.2,0.001,0.5,0.1,-0.1,0.5,0,0.063021768,0.251041368,0.084347722,-0.016921091,-0.161010694,-0.020079792,0.050462925,0.656450281,0.955837609,0.032692047
W.2025-11-01_225431.c52dfc5a,/home/ayesha/SP-VAE-GCN/results/sweeps/losses/W.2025-11-01_225431.c52dfc5a,0.258836001,83,60503,0.05,0.001,1,0.1,-0.1,0.1,0.001,0.063155218,0.251307019,0.084369373,-0.016933545,-0.044252086,-0.020155642,0.050321527,0.657099624,0.95722985,0.032609352
W.2025-11-02_045358.ec47c886,/home/ayesha/SP-VAE-GCN/results/sweeps/losses/W.2025-11-02_045358.ec47c886,0.479132414,500,60503,0.2,0.01,0,0.1,-0.1,0,0.001,0.063158814,0.251314173,0.08623636,-0.066805308,-0.058049561,-0.056819121,0.00777253,0.67666249,0.972823995,0.032457529
W.2025-11-02_103428.277c3530,/home/ayesha/SP-VAE-GCN/results/sweeps/losses/W.2025-11-02_103428.277c3530,0.477906644,500,60503,0.2,0.001,0,0.05,-0.05,0,0.001,0.063181903,0.251360107,0.084315029,-0.016644076,0.003425103,-0.019930015,0.050671577,0.655857458,0.956153427,0.032633953
W.2025-11-01_170513.85861f4b,/home/ayesha/SP-VAE-GCN/results/sweeps/losses/W.2025-11-01_170513.85861f4b,0.551389992,139,60503,0.2,0.001,0.5,0,-0.1,0.5,0.001,0.063187924,0.251372083,0.084736591,-0.038068982,-0.010841128,-0.026374651,0.032533324,0.670002046,0.968925143,0.032266502
W.2025-11-02_012847.d5957b64,/home/ayesha/SP-VAE-GCN/results/sweeps/losses/W.2025-11-02_012847.d5957b64,0.33793354,112,60503,0.1,0.001,0,0,-0.1,0.1,0.0001,0.063235984,0.251467659,0.084702177,-0.037657348,0.014474113,-0.02605592,0.032851858,0.668402197,0.964299171,0.032444848
W.2025-11-02_065401.60314a63,/home/ayesha/SP-VAE-GCN/results/sweeps/losses/W.2025-11-02_065401.60314a63,0.182668731,500,60503,0.05,0.01,0,0.1,-0.1,0,0,0.063275042,0.251545309,0.086373651,-0.070382136,-0.06266722,-0.059688219,0.004614783,0.678321185,0.973559779,0.032684712
W.2025-11-02_100543.e744b7f8,/home/ayesha/SP-VAE-GCN/results/sweeps/losses/W.2025-11-02_100543.e744b7f8,0.247740194,500,60503,0.1,0.001,0,0.2,-0.05,0,0.0001,0.063404715,0.251802928,0.084358103,-0.01665424,-0.015907193,-0.020001599,0.050419236,0.656969709,0.958109062,0.032677801
W.2025-11-02_015448.b5684d7e,/home/ayesha/SP-VAE-GCN/results/sweeps/losses/W.2025-11-02_015448.b5684d7e,0.601082563,116,60503,0.2,0.001,0,0.1,-0.1,0.5,0.001,0.063406576,0.251806624,0.084663651,-0.037311559,0.092014231,-0.02563468,0.033020782,0.668034245,0.966070546,0.03244255
W.2025-11-02_003509.c7a02845,/home/ayesha/SP-VAE-GCN/results/sweeps/losses/W.2025-11-02_003509.c7a02845,0.15142864,249,60503,0.05,0.001,1,0.2,-0.1,0,0.0001,0.063450904,0.25189463,0.086370457,-0.066412262,-0.003552796,-0.056298003,0.008000524,0.67907634,0.974638885,0.033162013
W.2025-11-01_223729.5617e45f,/home/ayesha/SP-VAE-GCN/results/sweeps/losses/W.2025-11-01_223729.5617e45f,0.412473857,81,60503,0.1,0.001,2,0.05,-0.1,0.5,0,0.063452385,0.251897569,0.086504992,-0.070560275,-0.06707687,-0.059878126,0.003723816,0.680107568,0.973145432,0.032721452
W.2025-11-02_160112.3b1a84c2,/home/ayesha/SP-VAE-GCN/results/sweeps/losses/W.2025-11-02_160112.3b1a84c2,0.539889455,137,60503,0.2,0.001,0.5,0,-0.1,0.1,0.0001,0.063506094,0.252004155,0.085172167,-0.036158772,-0.047176746,-0.034353543,0.033301362,0.665222946,0.965788921,0.032299584
W.2025-11-02_021315.3c0598e3,/home/ayesha/SP-VAE-GCN/results/sweeps/losses/W.2025-11-02_021315.3c0598e3,0.48015067,500,60503,0.2,0.001,0,0.1,-0.1,0,0.001,0.063654642,0.252298716,0.084387015,-0.016664694,-0.002276765,-0.019934718,0.050215847,0.657921721,0.960840355,0.032684213
W.2025-11-02_092153.78c9fcfa,/home/ayesha/SP-VAE-GCN/results/sweeps/losses/W.2025-11-02_092153.78c9fcfa,0.358684808,95,60503,0.1,0.001,2,0.05,-0.1,0.5,0.001,0.063721683,0.252431542,0.085145949,-0.035861861,0.004883316,-0.034148047,0.033409017,0.663514881,0.959771667,0.032613198
W.2025-11-01_190716.d6674078,/home/ayesha/SP-VAE-GCN/results/sweeps/losses/W.2025-11-01_190716.d6674078,0.268483251,63,60503,0.05,0.001,0.5,0.1,-0.1,0.5,0.001,0.063767546,0.252522368,0.086528231,-0.068588842,-0.029025233,-0.058488556,0.005022459,0.680435645,0.972999123,0.032936412
W.2025-11-02_120605.c92a1122,/home/ayesha/SP-VAE-GCN/results/sweeps/losses/W.2025-11-02_120605.c92a1122,0.305211604,133,60503,0.1,0.001,0,0,-0.1,0.5,0.001,0.063787723,0.252562315,0.085279031,-0.036824026,-0.021759947,-0.03496453,0.032550658,0.668211087,0.970555189,0.032163807
W.2025-11-01_161150.66a0816b,/home/ayesha/SP-VAE-GCN/results/sweeps/losses/W.2025-11-01_161150.66a0816b,0.364431918,172,60503,0.05,0.01,0,0.2,-0.1,0.1,0.0001,0.064226122,0.253428732,0.086397489,-0.065212857,-0.059779914,-0.05593687,0.007664508,0.679913426,0.975268294,0.032830496
W.2025-11-02_054329.904037f1,/home/ayesha/SP-VAE-GCN/results/sweeps/losses/W.2025-11-02_054329.904037f1,0.322046906,161,60503,0.1,0.001,0.5,0.05,-0.1,0.5,0,0.06423846,0.253453072,0.086154224,-0.06420206,-0.077418736,-0.055223107,0.008534367,0.678717549,0.978998482,0.03188172
W.2025-11-02_120254.7a10b418,/home/ayesha/SP-VAE-GCN/results/sweeps/losses/W.2025-11-02_120254.7a10b418,0.383448184,117,60503,0.1,0.001,1,0,-0.1,0.5,0.0001,0.064392108,0.253756,0.086570513,-0.070425052,-0.06044268,-0.059640134,0.003013638,0.683999904,0.981942353,0.032269693
W.2025-11-01_180631.be28a976,/home/ayesha/SP-VAE-GCN/results/sweeps/losses/W.2025-11-01_180631.be28a976,0.402443886,75,60503,0.1,0.001,1,0.2,-0.1,0.5,0.001,0.064662254,0.254287739,0.086457264,-0.065035215,-0.056392048,-0.055686544,0.007429643,0.681845743,0.979415638,0.032597432
W.2025-11-01_233235.2d5c56f8,/home/ayesha/SP-VAE-GCN/results/sweeps/losses/W.2025-11-01_233235.2d5c56f8,0.394163907,73,60503,0.1,0.001,0.5,0.1,-0.1,0.5,0,0.064773627,0.254506634,0.086655832,-0.070148214,0.005756763,-0.059253245,0.002906597,0.684174102,0.979232613,0.032705398
W.2025-11-02_015803.39cedc06,/home/ayesha/SP-VAE-GCN/results/sweeps/losses/W.2025-11-02_015803.39cedc06,0.235137671,114,60503,0.05,0.001,0.5,0.1,-0.1,0.1,0,0.064908796,0.254772046,0.086458891,-0.065128397,-0.026930406,-0.055748125,0.007121854,0.682149954,0.98033413,0.03251293
W.2025-11-02_092558.f860aa6c,/home/ayesha/SP-VAE-GCN/results/sweeps/losses/W.2025-11-02_092558.f860aa6c,0.225509331,500,60503,0.05,0.001,0,0,-0.1,0,0,0.064909406,0.254773244,0.085694153,-0.045888332,-0.050396483,-0.040866586,0.023915754,0.674914804,0.977407938,0.032713119
W.2025-11-02_033948.fb84e4b5,/home/ayesha/SP-VAE-GCN/results/sweeps/losses/W.2025-11-02_033948.fb84e4b5,0.312079042,107,60503,0.1,0.001,0,0.2,-0.1,0.1,0.001,0.064948319,0.2548496,0.086544572,-0.066426737,0.017764138,-0.056249744,0.005988338,0.683522955,0.981514747,0.032498928
W.2025-11-01_202421.94aab514,/home/ayesha/SP-VAE-GCN/results/sweeps/losses/W.2025-11-01_202421.94aab514,0.1919875,91,60503,0.05,0.001,0,0.1,-0.1,0.1,0.0001,0.064998275,0.254947592,0.086527236,-0.066381683,-0.033176258,-0.056276135,0.005993182,0.683603992,0.982652015,0.032361666
W.2025-11-02_060519.7caa9029,/home/ayesha/SP-VAE-GCN/results/sweeps/losses/W.2025-11-02_060519.7caa9029,0.132199422,500,60503,0.05,0.001,0,0,-0.05,0,0.001,0.065474777,0.255880395,0.086538155,-0.064970798,0.010273876,-0.05537628,0.006915955,0.684437792,0.985050254,0.032697138
W.2025-11-01_193453.9f378171,/home/ayesha/SP-VAE-GCN/results/sweeps/losses/W.2025-11-01_193453.9f378171,0.234453678,500,60503,0.1,0.001,0,0.2,-0.1,0,0.001,0.06592051,0.256749898,0.086657966,-0.066457642,-0.125171055,-0.05607942,0.00523709,0.687146148,0.989996946,0.032695169
W.2025-11-01_181858.0f3490e1,/home/ayesha/SP-VAE-GCN/results/sweeps/losses/W.2025-11-01_181858.0f3490e1,0.152873307,500,60503,0.05,0.001,0,0.1,-0.1,0,0.001,0.066094929,0.257089341,0.086839015,-0.07028325,-0.03672034,-0.059068003,0.001791682,0.690231811,0.992597495,0.032701407
